{
  "lesson": 97,
  "characterCount": 22,
  "characterList": "緯竿罕軒肝刊汗桿悍徐敘塗斜喇嗽賴懶嫩煉鍊腫董",
  "themes": ["numbers"],
  "characters": [
    {
      "id": 2572,
      "character": "緯",
      "pinyin": "wěi",
      "tone": 3,
      "meaning": "latitude",
      "story": "The thread and locket bend down drooping - the latitude, a parallel line!",
      "primitives": []
    },
    {
      "id": 2573,
      "character": "竿",
      "pinyin": "gān",
      "tone": 1,
      "meaning": "pole",
      "story": "\"GAN!\" the bamboo sings cheerfully - a pole, a rod and shaft!",
      "primitives": []
    },
    {
      "id": 2574,
      "character": "罕",
      "pinyin": "hǎn",
      "tone": 3,
      "meaning": "rarely",
      "story": "The paper punch and clothesline bend down drooping - rarely, seldom and uncommon!",
      "primitives": []
    },
    {
      "id": 2575,
      "character": "軒",
      "pinyin": "xuān",
      "tone": 1,
      "meaning": "veranda",
      "story": "\"SHWEN!\" the car sings cheerfully - a veranda, a pavilion from the untamed!",
      "primitives": []
    },
    {
      "id": 2576,
      "character": "肝",
      "pinyin": "gān",
      "tone": 1,
      "meaning": "liver",
      "story": "\"GAN!\" the flesh and offend sing cheerfully - the liver organ for a transplant!",
      "primitives": []
    },
    {
      "id": 2577,
      "character": "刊",
      "pinyin": "kān",
      "tone": 1,
      "meaning": "publication",
      "story": "\"KAN!\" the clothesline and saber sing cheerfully - a publication, a periodical magazine!",
      "primitives": []
    },
    {
      "id": 2578,
      "character": "汗",
      "pinyin": "hán",
      "tone": 2,
      "meaning": "sweat",
      "story": "\"HAN?\" the water questions curiously after the offend - is this sweat, perspiration on the hair?",
      "primitives": []
    },
    {
      "id": 2579,
      "character": "桿",
      "pinyin": "gǎn",
      "tone": 3,
      "meaning": "shaft",
      "story": "The tree stands for shaft, whispering \"Gǎn!\" softly - a vivid image to remember!",
      "primitives": []
    },
    {
      "id": 2580,
      "character": "悍",
      "pinyin": "hàn",
      "tone": 4,
      "meaning": "bold",
      "story": "\"HAN!\" the state of mind commands sharply during drought - bold, fierce and brave!",
      "primitives": []
    },
    {
      "id": 2581,
      "character": "徐",
      "pinyin": "xú",
      "tone": 2,
      "meaning": "slowly",
      "story": "\"SHOO?\" the queue questions curiously - moving slowly, gradual and leisurely?",
      "primitives": []
    },
    {
      "id": 2582,
      "character": "敘",
      "pinyin": "xù",
      "tone": 4,
      "meaning": "recount",
      "story": "\"SHOO!\" the scale and taskmaster command sharply - recount, narrate and explain about qinghe!",
      "primitives": []
    },
    {
      "id": 2583,
      "character": "塗",
      "pinyin": "tú",
      "tone": 2,
      "meaning": "smear",
      "story": "\"TOO?\" the soil questions curiously - to smear, apply and spread?",
      "primitives": []
    },
    {
      "id": 2584,
      "character": "斜",
      "pinyin": "xié",
      "tone": 2,
      "meaning": "slanting",
      "story": "\"SHYEH?\" the scale and big dipper question curiously - slanting, tilted and diagonal?",
      "primitives": []
    },
    {
      "id": 2585,
      "character": "喇",
      "pinyin": "lǎ",
      "tone": 3,
      "meaning": "flared horn",
      "story": "The mouth, bundle and saber bend down drooping - a flared horn, a trumpet speaker!",
      "primitives": []
    },
    {
      "id": 2586,
      "character": "嗽",
      "pinyin": "sòu",
      "tone": 4,
      "meaning": "hack",
      "story": "\"SOH!\" the mouth, bundle and yawn command sharply - to hack, cough and wheeze!",
      "primitives": []
    },
    {
      "id": 2587,
      "character": "賴",
      "pinyin": "lài",
      "tone": 4,
      "meaning": "rely on",
      "story": "\"LAI!\" the shells command sharply - to rely on, depend and blame!",
      "primitives": []
    },
    {
      "id": 2588,
      "character": "懶",
      "pinyin": "lǎn",
      "tone": 3,
      "meaning": "lazy",
      "story": "The strokes unite to show lazy, whispering \"Lǎn!\" softly - a vivid image to remember!",
      "primitives": []
    },
    {
      "id": 2589,
      "character": "嫩",
      "pinyin": "nèn",
      "tone": 4,
      "meaning": "tender",
      "story": "\"NUN!\" the woman, bundle and taskmaster command sharply - tender, soft young dew grass!",
      "primitives": []
    },
    {
      "id": 2590,
      "character": "煉",
      "pinyin": "liàn",
      "tone": 4,
      "meaning": "refine",
      "story": "\"LYEN!\" the fire commands sharply - to refine, smelt and purify!",
      "primitives": []
    },
    {
      "id": 2591,
      "character": "鍊",
      "pinyin": "liàn",
      "tone": 4,
      "meaning": "chain",
      "story": "\"LYEN!\" the metal commands sharply - a chain, a link for training!",
      "primitives": []
    },
    {
      "id": 2592,
      "character": "腫",
      "pinyin": "zhǒng",
      "tone": 3,
      "meaning": "swollen",
      "story": "A striking symbol for swollen that whispers \"Zhǒng!\" softly!",
      "primitives": []
    },
    {
      "id": 2593,
      "character": "董",
      "pinyin": "dǒng",
      "tone": 3,
      "meaning": "director",
      "story": "The flowers and heavy bend down drooping - the director, supervisor and manager!",
      "primitives": []
    }
  ]
}
