{
  "lesson": 109,
  "characterCount": 18,
  "characterList": "震振魄槐魅瑰魂愧魁醜壟寵龐攏聾籠插毀",
  "themes": ["action", "nature", "fire"],
  "characters": [
    {
      "id": 2894,
      "character": "震",
      "pinyin": "zhèn",
      "tone": 4,
      "meaning": "quake",
      "story": "\"JUN!\" it commands sharply - to quake, tremble in an earthquake!",
      "primitives": []
    },
    {
      "id": 2895,
      "character": "振",
      "pinyin": "zhèn",
      "tone": 4,
      "meaning": "vibrate",
      "story": "\"JUN!\" he commands sharply - to vibrate, shake - calm down and rest!",
      "primitives": []
    },
    {
      "id": 2896,
      "character": "魄",
      "pinyin": "pò",
      "tone": 4,
      "meaning": "vigor",
      "story": "\"PWOH!\" it commands sharply - vigor, spirit, and soul that's sucked!",
      "primitives": []
    },
    {
      "id": 2897,
      "character": "槐",
      "pinyin": "huái",
      "tone": 2,
      "meaning": "scholar tree",
      "story": "\"HWAI?\" the tree and ghost question curiously - scholar tree, locust wood?",
      "primitives": []
    },
    {
      "id": 2898,
      "character": "魅",
      "pinyin": "mèi",
      "tone": 4,
      "meaning": "enchant",
      "story": "\"MAY!\" the ghost commands sharply though not yet - to enchant, charm with special allure!",
      "primitives": []
    },
    {
      "id": 2899,
      "character": "瑰",
      "pinyin": "guī",
      "tone": 1,
      "meaning": "marvelous",
      "story": "\"GWAY!\" the jewel and ghost sing cheerfully - marvelous, magnificent, and splendid!",
      "primitives": []
    },
    {
      "id": 2900,
      "character": "魂",
      "pinyin": "hún",
      "tone": 2,
      "meaning": "soul",
      "story": "\"HWUN?\" the ghost questions curiously - the soul, spirit, and essence?",
      "primitives": []
    },
    {
      "id": 2901,
      "character": "愧",
      "pinyin": "kuì",
      "tone": 4,
      "meaning": "ashamed",
      "story": "\"KWAY!\" the heart commands sharply - ashamed, guilty, and embarrassed!",
      "primitives": []
    },
    {
      "id": 2902,
      "character": "魁",
      "pinyin": "kuí",
      "tone": 2,
      "meaning": "leader",
      "story": "\"KWAY?\" the ghost and big dipper question curiously - a leader, chief, and champion?",
      "primitives": []
    },
    {
      "id": 2903,
      "character": "醜",
      "pinyin": "chǒu",
      "tone": 3,
      "meaning": "ugly",
      "story": "This character represents ugly, whispering \"Chǒu!\" softly - a vivid image to remember!",
      "primitives": []
    },
    {
      "id": 2904,
      "character": "壟",
      "pinyin": "lǒng",
      "tone": 3,
      "meaning": "raised path between fields",
      "story": "The dragon and land bend down drooping - raised path between fields, ridge, and mound.",
      "primitives": []
    },
    {
      "id": 2905,
      "character": "寵",
      "pinyin": "chǒng",
      "tone": 3,
      "meaning": "dote on",
      "story": "This character represents dote on, whispering \"Chǒng!\" softly!",
      "primitives": []
    },
    {
      "id": 2906,
      "character": "龐",
      "pinyin": "páng",
      "tone": 2,
      "meaning": "huge",
      "story": "\"PAHNG?\" the cave and dragon question curiously - huge, enormous, and vast?",
      "primitives": []
    },
    {
      "id": 2907,
      "character": "攏",
      "pinyin": "lǒng",
      "tone": 3,
      "meaning": "draw near",
      "story": "The fingers bend down drooping - to draw near, gather the spirit in soil.",
      "primitives": []
    },
    {
      "id": 2908,
      "character": "聾",
      "pinyin": "lóng",
      "tone": 2,
      "meaning": "deaf",
      "story": "\"LUNG?\" the ear questions curiously - deaf, hearing impaired like Fengxia?",
      "primitives": []
    },
    {
      "id": 2909,
      "character": "籠",
      "pinyin": "lóng",
      "tone": 2,
      "meaning": "cage",
      "story": "\"LUNG?\" the bamboo questions curiously - a cage, basket for chicken coop?",
      "primitives": []
    },
    {
      "id": 2910,
      "character": "插",
      "pinyin": "chā",
      "tone": 1,
      "meaning": "insert",
      "story": "\"CHAH!\" the fingers sing cheerfully - to insert, stick, and interfere in battle!",
      "primitives": []
    },
    {
      "id": 2911,
      "character": "毀",
      "pinyin": "huǐ",
      "tone": 3,
      "meaning": "ruin",
      "story": "The stone stands for ruin, whispering \"Huǐ!\" softly - a vivid image to remember!",
      "primitives": []
    }
  ]
}
