{
  "lesson": 37,
  "characterCount": 42,
  "characterList": "興酒配酋尊遵豆頭短禮體鼓喜廚樹血盡儘蓋溫監籃藍銀跟很根即節退腿限眼良浪娘食飯餐館養既",
  "themes": ["time", "body"],
  "characters": [
    {
      "id": 1061,
      "character": "興",
      "pinyin": "xìng",
      "tone": 4,
      "meaning": "Excitement",
      "story": "An striking symbol for excitement that shouts \"Shing!\" sharply!",
      "primitives": []
    },
    {
      "id": 1062,
      "character": "酒",
      "pinyin": "jiǔ",
      "tone": 3,
      "meaning": "Liquor",
      "story": "A striking symbol for liquor that whispers \"Jyo\" softly - a vivid image to remember!",
      "primitives": []
    },
    {
      "id": 1063,
      "character": "配",
      "pinyin": "pèi",
      "tone": 4,
      "meaning": "to distribute",
      "story": "The strokes unite to show to distribute, shouting \"Pay!\" sharply!",
      "primitives": []
    },
    {
      "id": 1064,
      "character": "酋",
      "pinyin": "qiú",
      "tone": 2,
      "meaning": "Chieftain",
      "story": "A chieftain with wine questions \"Chyo? Am I chief?\" curiously leading the tribe!",
      "primitives": []
    },
    {
      "id": 1065,
      "character": "尊",
      "pinyin": "zūn",
      "tone": 1,
      "meaning": "to venerate",
      "story": "To venerate the wine altar sings \"Zun!\" cheerfully honoring with respect!",
      "primitives": []
    },
    {
      "id": 1066,
      "character": "遵",
      "pinyin": "zūn",
      "tone": 1,
      "meaning": "to abide by",
      "story": "To abide by the walk of veneration sings \"Zun!\" cheerfully following rules!",
      "primitives": []
    },
    {
      "id": 1067,
      "character": "豆",
      "pinyin": "dòu",
      "tone": 4,
      "meaning": "Beans",
      "story": "\"Doe!\" Beans in a dish commanded sharply - peas stacked high!",
      "primitives": []
    },
    {
      "id": 1068,
      "character": "頭",
      "pinyin": "tóu",
      "tone": 2,
      "meaning": "Head",
      "story": "A head with beans questions \"Toe? Where's the chief?\" curiously at the top!",
      "primitives": []
    },
    {
      "id": 1069,
      "character": "短",
      "pinyin": "duǎn",
      "tone": 3,
      "meaning": "short",
      "story": "See how the arrow forms short? It whispers \"Dwan\" softly - a vivid image to remember!",
      "primitives": []
    },
    {
      "id": 1070,
      "character": "禮",
      "pinyin": "lǐ",
      "tone": 3,
      "meaning": "Ceremony",
      "story": "This character represents ceremony, whispering \"Lee\" softly!",
      "primitives": []
    },
    {
      "id": 1071,
      "character": "體",
      "pinyin": "tǐ",
      "tone": 3,
      "meaning": "Body",
      "story": "The body takes the shape of body, whispering \"Ti\" softly - a vivid image to remember!",
      "primitives": []
    },
    {
      "id": 1072,
      "character": "鼓",
      "pinyin": "gǔ",
      "tone": 3,
      "meaning": "a Drum",
      "story": "The strokes unite to show a drum, singing \"Goo\" cheerfully - a vivid image to remember!",
      "primitives": []
    },
    {
      "id": 1073,
      "character": "喜",
      "pinyin": "xǐ",
      "tone": 3,
      "meaning": "joyful",
      "story": "The mouth takes the shape of joyful, whispering \"Shi\" softly!",
      "primitives": []
    },
    {
      "id": 1074,
      "character": "廚",
      "pinyin": "chú",
      "tone": 2,
      "meaning": "Kitchen",
      "story": "\"Choo, what's cooking?\" The cliff with beans questioned the kitchen curiously!",
      "primitives": []
    },
    {
      "id": 1075,
      "character": "樹",
      "pinyin": "shù",
      "tone": 4,
      "meaning": "Timber",
      "story": "\"Shoo!\" Tree and drum commanded sharply - timber leaking glue when beaten!",
      "primitives": []
    },
    {
      "id": 1076,
      "character": "血",
      "pinyin": "xuě",
      "tone": 3,
      "meaning": "Blood",
      "story": "The strokes unite to show blood, whispering \"Shueh\" softly - a vivid image to remember!",
      "primitives": []
    },
    {
      "id": 1077,
      "character": "盡",
      "pinyin": "jìn",
      "tone": 4,
      "meaning": "exhausted",
      "story": "The strokes unite to show exhausted, shouting \"Jin!\" sharply!",
      "primitives": []
    },
    {
      "id": 1078,
      "character": "儘",
      "pinyin": "jǐn",
      "tone": 3,
      "meaning": "to the utmost",
      "story": "The person stands for to the utmost, whispering \"Jeen\" softly!",
      "primitives": []
    },
    {
      "id": 1079,
      "character": "蓋",
      "pinyin": "gài",
      "tone": 4,
      "meaning": "Lid",
      "story": "A lid of grass covers blood, commanding \"Gai!\" sharply - canopy on top!",
      "primitives": []
    },
    {
      "id": 1080,
      "character": "溫",
      "pinyin": "wēn",
      "tone": 1,
      "meaning": "temperature",
      "story": "Temperature of water sings \"Wen!\" warmly - Marilyn giving bowl to prisoner feels lukewarm!",
      "primitives": []
    },
    {
      "id": 1081,
      "character": "監",
      "pinyin": "jiān",
      "tone": 1,
      "meaning": "to supervise",
      "story": "A striking symbol for to supervise that sings \"Jian!\" cheerfully!",
      "primitives": []
    },
    {
      "id": 1082,
      "character": "籃",
      "pinyin": "lán",
      "tone": 2,
      "meaning": "Basket",
      "story": "A basket of bamboo supervises, questioning \"Lan? What's inside?\" curiously holding goods!",
      "primitives": []
    },
    {
      "id": 1083,
      "character": "藍",
      "pinyin": "lán",
      "tone": 2,
      "meaning": "blue",
      "story": "The grass takes the shape of blue, asking \"Lan? Why this color?\" curiously!",
      "primitives": []
    },
    {
      "id": 1084,
      "character": "銀",
      "pinyin": "yín",
      "tone": 2,
      "meaning": "Silver",
      "story": "\"Yin, is this precious metal?\" Gold questioned silver curiously, shining bright!",
      "primitives": []
    },
    {
      "id": 1085,
      "character": "跟",
      "pinyin": "gēn",
      "tone": 1,
      "meaning": "Heel",
      "story": "A heel foot following sings \"Gen!\" cheerfully accompanying behind!",
      "primitives": []
    },
    {
      "id": 1086,
      "character": "很",
      "pinyin": "hěn",
      "tone": 3,
      "meaning": "very",
      "story": "Picture very taking form - it whispers \"Hen\" with vivid energy!",
      "primitives": []
    },
    {
      "id": 1087,
      "character": "根",
      "pinyin": "gēn",
      "tone": 1,
      "meaning": "Root",
      "story": "A root tree at heel sings \"Gen!\" cheerfully - the basis below!",
      "primitives": []
    },
    {
      "id": 1088,
      "character": "即",
      "pinyin": "jí",
      "tone": 2,
      "meaning": "immediately",
      "story": "Like a person, this character means immediately and asks \"Ji? Right now?\"!",
      "primitives": []
    },
    {
      "id": 1089,
      "character": "節",
      "pinyin": "jié",
      "tone": 2,
      "meaning": "Holiday",
      "story": "Like bamboo, this character means holiday and asks \"Jieh? Festival time?\"!",
      "primitives": []
    },
    {
      "id": 1090,
      "character": "退",
      "pinyin": "tuì",
      "tone": 4,
      "meaning": "to retreat",
      "story": "\"Tway!\" Walking backwards, they retreated sharply, withdrawing step by step!",
      "primitives": []
    },
    {
      "id": 1091,
      "character": "腿",
      "pinyin": "tuǐ",
      "tone": 3,
      "meaning": "Leg",
      "story": "Like a leg, this character means leg and whispers \"Tway\" - a vivid image to remember!",
      "primitives": []
    },
    {
      "id": 1092,
      "character": "限",
      "pinyin": "xiàn",
      "tone": 4,
      "meaning": "Limit",
      "story": "The strokes unite to show limit, shouting \"Shian!\" sharply - a vivid image to remember!",
      "primitives": []
    },
    {
      "id": 1093,
      "character": "眼",
      "pinyin": "yǎn",
      "tone": 3,
      "meaning": "Eyelet",
      "story": "Like an eye, this character means eyelet and whispers \"Yan\"!",
      "primitives": []
    },
    {
      "id": 1094,
      "character": "良",
      "pinyin": "liáng",
      "tone": 2,
      "meaning": "high-quality",
      "story": "A striking symbol for high-quality that asks \"Lyang? Very good?\" curiously!",
      "primitives": []
    },
    {
      "id": 1095,
      "character": "浪",
      "pinyin": "làng",
      "tone": 4,
      "meaning": "Breakers",
      "story": "Like water, this character means breakers and shouts \"Lang!\"!",
      "primitives": []
    },
    {
      "id": 1096,
      "character": "娘",
      "pinyin": "niáng",
      "tone": 2,
      "meaning": "Mom",
      "story": "A striking symbol for mom that asks \"Nyang? Mother dear?\" curiously!",
      "primitives": []
    },
    {
      "id": 1097,
      "character": "食",
      "pinyin": "shí",
      "tone": 2,
      "meaning": "Food",
      "story": "Like a person, this character means food and asks \"Shi? What to eat?\"!",
      "primitives": []
    },
    {
      "id": 1098,
      "character": "飯",
      "pinyin": "fàn",
      "tone": 4,
      "meaning": "Meal",
      "story": "A striking symbol for meal that shouts \"Fan!\" sharply - a vivid image to remember!",
      "primitives": []
    },
    {
      "id": 1099,
      "character": "餐",
      "pinyin": "cān",
      "tone": 1,
      "meaning": "to dine",
      "story": "\"Tsan!\" They dined with food cheerfully - a repast eaten together!",
      "primitives": []
    },
    {
      "id": 1100,
      "character": "館",
      "pinyin": "guǎn",
      "tone": 3,
      "meaning": "Bldg.",
      "story": "This character represents bldg., whispering \"Gwan\" softly - a vivid image to remember!",
      "primitives": []
    },
    {
      "id": 1101,
      "character": "養",
      "pinyin": "yǎng",
      "tone": 3,
      "meaning": "to raise",
      "story": "This character represents to raise, whispering \"Yang\" softly!",
      "primitives": []
    },
    {
      "id": 1102,
      "character": "既",
      "pinyin": "jì",
      "tone": 4,
      "meaning": "since",
      "story": "A striking symbol for since that shouts \"Ji!\" sharply - a vivid image to remember!",
      "primitives": []
    }
  ]
}
