{
  "lesson": 91,
  "characterCount": 36,
  "characterList": "卸御禦卵孵乳浮俘卿貿榴疑礙凝擬玲鈴伶嶺桶誦湧踴卷圈捲倦範怨宛腕婉碗詭跪輿",
  "themes": ["action", "nature"],
  "characters": [
    {
      "id": 2357,
      "character": "卸",
      "pinyin": "xiè",
      "tone": 4,
      "meaning": "unload",
      "story": "\"SHARE the load!\" she commands sharply, removing and discharging cargo.",
      "primitives": []
    },
    {
      "id": 2358,
      "character": "御",
      "pinyin": "yù",
      "tone": 4,
      "meaning": "imperial",
      "story": "\"YOU!\" the imperial emperor commands sharply, controlling the royal queue to unload.",
      "primitives": []
    },
    {
      "id": 2359,
      "character": "禦",
      "pinyin": "yù",
      "tone": 4,
      "meaning": "withstand",
      "story": "\"YOU shall not pass!\" she commands sharply, defending to withstand and resist.",
      "primitives": []
    },
    {
      "id": 2360,
      "character": "卵",
      "pinyin": "luǎn",
      "tone": 3,
      "meaning": "nest eggs",
      "story": "A striking symbol for nest eggs that whispers \"Luǎn!\" softly!",
      "primitives": []
    },
    {
      "id": 2361,
      "character": "孵",
      "pinyin": "fū",
      "tone": 1,
      "meaning": "hatch",
      "story": "\"Foo!\" the fledgling sings cheerfully, hatching from nest eggs to incubate and emerge.",
      "primitives": []
    },
    {
      "id": 2362,
      "character": "乳",
      "pinyin": "rǔ",
      "tone": 3,
      "meaning": "breast",
      "story": "The tired mother bends drooping to offer her breast for milk and nursing.",
      "primitives": []
    },
    {
      "id": 2363,
      "character": "浮",
      "pinyin": "fú",
      "tone": 2,
      "meaning": "float",
      "story": "\"Foo?\" she questions curiously, watching water float and drift in frivolous patterns.",
      "primitives": []
    },
    {
      "id": 2364,
      "character": "俘",
      "pinyin": "fú",
      "tone": 2,
      "meaning": "captive",
      "story": "\"Fool?\" the person questions curiously about the captive prisoner who was seized.",
      "primitives": []
    },
    {
      "id": 2365,
      "character": "卿",
      "pinyin": "qīng",
      "tone": 1,
      "meaning": "minister",
      "story": "\"Keen!\" the minister lord sings cheerfully, the letter opener glinting with silver for the official.",
      "primitives": []
    },
    {
      "id": 2366,
      "character": "貿",
      "pinyin": "mào",
      "tone": 4,
      "meaning": "trade",
      "story": "\"MAO!\" he commands sharply, the letter opener cutting through shells in commerce and business.",
      "primitives": []
    },
    {
      "id": 2367,
      "character": "榴",
      "pinyin": "liú",
      "tone": 2,
      "meaning": "pomegranate",
      "story": "\"Loo?\" she questions curiously, picking the pomegranate fruit that stays on the tree ready to burst.",
      "primitives": []
    },
    {
      "id": 2368,
      "character": "疑",
      "pinyin": "yí",
      "tone": 2,
      "meaning": "doubt",
      "story": "A striking symbol for doubt that asks \"Hee?\" curiously - a vivid image to remember!",
      "primitives": []
    },
    {
      "id": 2369,
      "character": "礙",
      "pinyin": "ài",
      "tone": 4,
      "meaning": "obstruct",
      "story": "\"AYE!\" she commands sharply, as stones obstruct and hinder and block the path.",
      "primitives": []
    },
    {
      "id": 2370,
      "character": "凝",
      "pinyin": "níng",
      "tone": 2,
      "meaning": "congeal",
      "story": "\"Ning?\" he questions curiously as ice and doubt combine to congeal and freeze solid.",
      "primitives": []
    },
    {
      "id": 2371,
      "character": "擬",
      "pinyin": "nǐ",
      "tone": 3,
      "meaning": "simulate",
      "story": "She bends her fingers and furled brow down, exhausted from trying to simulate and draft an imitation.",
      "primitives": []
    },
    {
      "id": 2372,
      "character": "玲",
      "pinyin": "líng",
      "tone": 2,
      "meaning": "exquisite",
      "story": "\"Ling?\" the jewel questions curiously with orders - is it exquisitely tinkling and delicate?",
      "primitives": []
    },
    {
      "id": 2373,
      "character": "鈴",
      "pinyin": "líng",
      "tone": 2,
      "meaning": "small bell",
      "story": "\"Ling?\" the small metal bell questions curiously - will it chime and ring?",
      "primitives": []
    },
    {
      "id": 2374,
      "character": "伶",
      "pinyin": "líng",
      "tone": 2,
      "meaning": "actor",
      "story": "\"Ling?\" the person questions curiously if the orders make them a clever, witty actor performer.",
      "primitives": []
    },
    {
      "id": 2375,
      "character": "嶺",
      "pinyin": "lǐng",
      "tone": 3,
      "meaning": "mountain range",
      "story": "The mountain takes the shape of mountain range, whispering \"Lǐng!\" softly!",
      "primitives": []
    },
    {
      "id": 2376,
      "character": "桶",
      "pinyin": "tǒng",
      "tone": 3,
      "meaning": "bucket",
      "story": "He bends down to lift the heavy tree bucket - a barrel toilet from the old days.",
      "primitives": []
    },
    {
      "id": 2377,
      "character": "誦",
      "pinyin": "sòng",
      "tone": 4,
      "meaning": "read aloud",
      "story": "\"SONG!\" she commands sharply, using words from the chop-rack to read aloud and recite poetry.",
      "primitives": []
    },
    {
      "id": 2378,
      "character": "湧",
      "pinyin": "yǒng",
      "tone": 3,
      "meaning": "gush",
      "story": "The water bends and surges, gushing courageously like a spurt.",
      "primitives": []
    },
    {
      "id": 2379,
      "character": "踴",
      "pinyin": "yǒng",
      "tone": 3,
      "meaning": "eagerly",
      "story": "The leg takes the shape of eagerly, whispering \"Yǒng!\" softly!",
      "primitives": []
    },
    {
      "id": 2380,
      "character": "卷",
      "pinyin": "juàn",
      "tone": 4,
      "meaning": "exam paper",
      "story": "\"JUNE test!\" he commands sharply about the exam paper scroll.",
      "primitives": []
    },
    {
      "id": 2381,
      "character": "圈",
      "pinyin": "quān",
      "tone": 1,
      "meaning": "circle",
      "story": "\"Queen!\" she sings cheerfully, drawing a ring loop in the pen.",
      "primitives": []
    },
    {
      "id": 2382,
      "character": "捲",
      "pinyin": "juǎn",
      "tone": 3,
      "meaning": "roll up",
      "story": "She bends her fingers down, exhausted from rolling up the curly coiled hair.",
      "primitives": []
    },
    {
      "id": 2383,
      "character": "倦",
      "pinyin": "juàn",
      "tone": 4,
      "meaning": "worn out",
      "story": "\"JUNE exams!\" the tired person commands sharply, worn out and weary from the exam paper fatigue.",
      "primitives": []
    },
    {
      "id": 2384,
      "character": "範",
      "pinyin": "fàn",
      "tone": 4,
      "meaning": "model",
      "story": "\"FAN club!\" he commands sharply about the model standard and exemplar style.",
      "primitives": []
    },
    {
      "id": 2385,
      "character": "怨",
      "pinyin": "yuàn",
      "tone": 4,
      "meaning": "resentment",
      "story": "\"YOU want grudges?\" she commands sharply with resentment, complaint and blame in her heart.",
      "primitives": []
    },
    {
      "id": 2386,
      "character": "宛",
      "pinyin": "wǎn",
      "tone": 3,
      "meaning": "winding",
      "story": "The path takes the shape of winding, whispering \"Wǎn!\" softly!",
      "primitives": []
    },
    {
      "id": 2387,
      "character": "腕",
      "pinyin": "wàn",
      "tone": 4,
      "meaning": "wrist",
      "story": "\"ONE joint!\" he commands sharply, gripping his wrist where the hand mailbox connects to his body part.",
      "primitives": []
    },
    {
      "id": 2388,
      "character": "婉",
      "pinyin": "wǎn",
      "tone": 3,
      "meaning": "tactful",
      "story": "The woman bends down politely, tactful and gentle with courteous mailbox manners.",
      "primitives": []
    },
    {
      "id": 2389,
      "character": "碗",
      "pinyin": "wǎn",
      "tone": 3,
      "meaning": "bowl",
      "story": "He bends down to pick up the stone bowl dish vessel from the ground.",
      "primitives": []
    },
    {
      "id": 2390,
      "character": "詭",
      "pinyin": "guǐ",
      "tone": 3,
      "meaning": "deceitful",
      "story": "The words bend down drooping in sly, tricky, cunning deceit.",
      "primitives": []
    },
    {
      "id": 2391,
      "character": "跪",
      "pinyin": "guì",
      "tone": 4,
      "meaning": "kneel",
      "story": "\"GWAY!\" he commands sharply, forcing the foot to kneel, bow and prostrate.",
      "primitives": []
    },
    {
      "id": 2392,
      "character": "輿",
      "pinyin": "yú",
      "tone": 2,
      "meaning": "popular",
      "story": "\"You?\" she questions curiously if the zipper car tool represents popular public opinion.",
      "primitives": []
    }
  ]
}
