{
  "lesson": 101,
  "characterCount": 18,
  "characterList": "叢樸撲僕譜哄洪烘恭拱暴瀑爆殿戴翼糞撰",
  "themes": ["fire", "water"],
  "characters": [
    {
      "id": 2688,
      "character": "叢",
      "pinyin": "cóng",
      "tone": 2,
      "meaning": "thicket",
      "story": "\"TSUNG?\" the side by side and soil question curiously - a thicket, jungle cluster?",
      "primitives": []
    },
    {
      "id": 2689,
      "character": "樸",
      "pinyin": "pú",
      "tone": 2,
      "meaning": "plain",
      "story": "\"POO?\" the tree and yoga question curiously - plain, simple and unadorned?",
      "primitives": []
    },
    {
      "id": 2690,
      "character": "撲",
      "pinyin": "pū",
      "tone": 1,
      "meaning": "pounce on",
      "story": "\"POO!\" the fingers and yoga sing cheerfully - to pounce on, attack and extinguish fire!",
      "primitives": []
    },
    {
      "id": 2691,
      "character": "僕",
      "pinyin": "pú",
      "tone": 2,
      "meaning": "servant",
      "story": "\"POO?\" the person questions curiously - a servant, attendant and butler?",
      "primitives": []
    },
    {
      "id": 2692,
      "character": "譜",
      "pinyin": "pǔ",
      "tone": 3,
      "meaning": "musical score",
      "story": "The words bend down drooping - a musical score, notation and spectrum!",
      "primitives": []
    },
    {
      "id": 2693,
      "character": "哄",
      "pinyin": "hōng",
      "tone": 1,
      "meaning": "fool",
      "story": "\"HUNG!\" the mouth and together sing cheerfully - to fool, coax and deceive!",
      "primitives": []
    },
    {
      "id": 2694,
      "character": "洪",
      "pinyin": "hóng",
      "tone": 2,
      "meaning": "deluge",
      "story": "\"HUNG?\" the water and together question curiously - a deluge, flood to inundate?",
      "primitives": []
    },
    {
      "id": 2695,
      "character": "烘",
      "pinyin": "hōng",
      "tone": 1,
      "meaning": "warm by a fire",
      "story": "\"HUNG!\" the fire and together sing cheerfully - to warm by a fire, bake and toast!",
      "primitives": []
    },
    {
      "id": 2696,
      "character": "恭",
      "pinyin": "gōng",
      "tone": 1,
      "meaning": "respectful",
      "story": "\"GUNG!\" the heart sings cheerfully - respectful, courteous and polite!",
      "primitives": []
    },
    {
      "id": 2697,
      "character": "拱",
      "pinyin": "gǒng",
      "tone": 3,
      "meaning": "arch",
      "story": "The fingers and together bend down drooping - to arch, bow like a bridge!",
      "primitives": []
    },
    {
      "id": 2698,
      "character": "暴",
      "pinyin": "bào",
      "tone": 4,
      "meaning": "violent",
      "story": "\"BAO!\" the sun commands sharply - violent, brutal and fierce!",
      "primitives": []
    },
    {
      "id": 2699,
      "character": "瀑",
      "pinyin": "pù",
      "tone": 4,
      "meaning": "waterfall",
      "story": "\"POO!\" the water and violent command sharply - a waterfall, a cascade separating Canada and America!",
      "primitives": []
    },
    {
      "id": 2700,
      "character": "爆",
      "pinyin": "bào",
      "tone": 4,
      "meaning": "explode",
      "story": "\"BAO!\" the fire and violent command sharply - to explode, blast and detonate!",
      "primitives": []
    },
    {
      "id": 2701,
      "character": "殿",
      "pinyin": "diàn",
      "tone": 4,
      "meaning": "ceremonial hall",
      "story": "\"DYEN!\" the flag, together and missile command sharply - a ceremonial hall, palace and temple!",
      "primitives": []
    },
    {
      "id": 2702,
      "character": "戴",
      "pinyin": "dài",
      "tone": 4,
      "meaning": "have on",
      "story": "The strokes unite to show have on, shouting \"DAI!\" sharply - a vivid image to remember!",
      "primitives": []
    },
    {
      "id": 2703,
      "character": "翼",
      "pinyin": "yì",
      "tone": 4,
      "meaning": "wings",
      "story": "\"YEE!\" the different wings command sharply - wings, feathers for the clan!",
      "primitives": []
    },
    {
      "id": 2704,
      "character": "糞",
      "pinyin": "fèn",
      "tone": 4,
      "meaning": "dung",
      "story": "\"FUN!\" the rice and different command sharply - dung, manure and fertilizer!",
      "primitives": []
    },
    {
      "id": 2705,
      "character": "撰",
      "pinyin": "zhuàn",
      "tone": 4,
      "meaning": "compose",
      "story": "\"JWAN!\" the fingers and two snakeskins and together command sharply - to compose, write and author!",
      "primitives": []
    }
  ]
}
