{
  "lesson": 39,
  "characterCount": 37,
  "characterList": "賽毒素青精請情睛清靜責績積表錶生星姓性害割慧豐春泰奉棒勤謹僅漢難攤華嘩垂錘",
  "themes": ["family", "body", "water", "time", "action"],
  "characters": [
    {
      "id": 1149,
      "character": "賽",
      "pinyin": "sài",
      "tone": 4,
      "meaning": "Competition",
      "story": "The shellfish stands for competition, shouting \"Sai!\" sharply!",
      "primitives": []
    },
    {
      "id": 1150,
      "character": "毒",
      "pinyin": "dú",
      "tone": 2,
      "meaning": "a Poison",
      "story": "The strokes unite to show a poison, asking \"Doo? Venom?\" curiously!",
      "primitives": []
    },
    {
      "id": 1151,
      "character": "素",
      "pinyin": "sù",
      "tone": 4,
      "meaning": "Vegetarian Diet",
      "story": "\"Soo!\" Ten threads commanded sharply at the table - a plain vegetarian diet, meatless!",
      "primitives": []
    },
    {
      "id": 1152,
      "character": "青",
      "pinyin": "qīng",
      "tone": 1,
      "meaning": "blue or green",
      "story": "The moon takes the shape of blue or green, singing \"Ching!\" cheerfully!",
      "primitives": []
    },
    {
      "id": 1153,
      "character": "精",
      "pinyin": "jīng",
      "tone": 1,
      "meaning": "refined",
      "story": "A striking symbol for refined that sings \"Jing!\" cheerfully!",
      "primitives": []
    },
    {
      "id": 1154,
      "character": "請",
      "pinyin": "qǐng",
      "tone": 3,
      "meaning": "to invite",
      "story": "The strokes unite to show to invite, whispering \"Ching\" softly!",
      "primitives": []
    },
    {
      "id": 1155,
      "character": "情",
      "pinyin": "qíng",
      "tone": 2,
      "meaning": "Feelings",
      "story": "See how the heart forms feelings? It asks \"Ching? Emotion?\" curiously!",
      "primitives": []
    },
    {
      "id": 1156,
      "character": "睛",
      "pinyin": "jīng",
      "tone": 1,
      "meaning": "Eyeball",
      "story": "See how the eye forms eyeball? It sings \"Jing!\" cheerfully - a vivid image to remember!",
      "primitives": []
    },
    {
      "id": 1157,
      "character": "清",
      "pinyin": "qīng",
      "tone": 1,
      "meaning": "pure",
      "story": "See how the water forms pure? It sings \"Ching!\" cheerfully like ripples spreading across a pond!",
      "primitives": []
    },
    {
      "id": 1158,
      "character": "靜",
      "pinyin": "jìng",
      "tone": 4,
      "meaning": "quiet",
      "story": "A striking symbol for quiet that shouts \"Jing!\" sharply - a vivid image to remember!",
      "primitives": []
    },
    {
      "id": 1159,
      "character": "責",
      "pinyin": "zé",
      "tone": 2,
      "meaning": "Responsibility",
      "story": "See how the shellfish forms responsibility? It asks \"Dzuh? Duty?\" curiously!",
      "primitives": []
    },
    {
      "id": 1160,
      "character": "績",
      "pinyin": "jì",
      "tone": 4,
      "meaning": "Accomplishments",
      "story": "The thread stands for accomplishments, shouting \"Jee!\" sharply!",
      "primitives": []
    },
    {
      "id": 1161,
      "character": "積",
      "pinyin": "jī",
      "tone": 1,
      "meaning": "to accumulate",
      "story": "The strokes unite to show to accumulate, singing \"Jee!\" cheerfully!",
      "primitives": []
    },
    {
      "id": 1162,
      "character": "表",
      "pinyin": "biǎo",
      "tone": 3,
      "meaning": "Surface",
      "story": "A striking symbol for surface that whispers \"Byao\" softly - a vivid image to remember!",
      "primitives": []
    },
    {
      "id": 1163,
      "character": "錶",
      "pinyin": "biǎo",
      "tone": 3,
      "meaning": "a Watch",
      "story": "The metal stands for a watch, whispering \"Byao\" softly - a vivid image to remember!",
      "primitives": []
    },
    {
      "id": 1164,
      "character": "生",
      "pinyin": "shēng",
      "tone": 1,
      "meaning": "Life",
      "story": "\"Shung!\" Life sprouted from soil cheerfully - to be born!",
      "primitives": []
    },
    {
      "id": 1165,
      "character": "星",
      "pinyin": "xīng",
      "tone": 1,
      "meaning": "Star",
      "story": "Like a sun, this character means star and sings \"Shing!\" as sunlight streams across the sky!",
      "primitives": []
    },
    {
      "id": 1166,
      "character": "姓",
      "pinyin": "xìng",
      "tone": 4,
      "meaning": "Surname",
      "story": "A striking symbol for surname that shouts \"Shing!\" sharply - a vivid image to remember!",
      "primitives": []
    },
    {
      "id": 1167,
      "character": "性",
      "pinyin": "xìng",
      "tone": 4,
      "meaning": "Sex",
      "story": "The heart takes the shape of sex, shouting \"Shing!\" sharply!",
      "primitives": []
    },
    {
      "id": 1168,
      "character": "害",
      "pinyin": "hài",
      "tone": 4,
      "meaning": "Harm",
      "story": "See how the mouth forms harm? It shouts \"Hi!\" sharply spoken through parted lips!",
      "primitives": []
    },
    {
      "id": 1169,
      "character": "割",
      "pinyin": "gē",
      "tone": 1,
      "meaning": "to cut off",
      "story": "The sword takes the shape of to cut off, singing \"Guh!\" cheerfully!",
      "primitives": []
    },
    {
      "id": 1170,
      "character": "慧",
      "pinyin": "huì",
      "tone": 4,
      "meaning": "intelligent",
      "story": "The heart takes the shape of intelligent, shouting \"Hway!\" sharply!",
      "primitives": []
    },
    {
      "id": 1171,
      "character": "豐",
      "pinyin": "fēng",
      "tone": 1,
      "meaning": "plentiful",
      "story": "This character represents plentiful, singing \"Fung!\" cheerfully!",
      "primitives": []
    },
    {
      "id": 1172,
      "character": "春",
      "pinyin": "chūn",
      "tone": 1,
      "meaning": "Springtime",
      "story": "\"Choon!\" The sun warmed three people cheerfully - springtime, the festive season!",
      "primitives": []
    },
    {
      "id": 1173,
      "character": "泰",
      "pinyin": "tài",
      "tone": 4,
      "meaning": "tranquil",
      "story": "\"Tie!\" Water and big hands commanded sharply - tranquil, peaceful and safe!",
      "primitives": []
    },
    {
      "id": 1174,
      "character": "奉",
      "pinyin": "fèng",
      "tone": 4,
      "meaning": "to proffer",
      "story": "The strokes unite to show to proffer, shouting \"Fung!\" sharply!",
      "primitives": []
    },
    {
      "id": 1175,
      "character": "棒",
      "pinyin": "bàng",
      "tone": 4,
      "meaning": "Cudgel",
      "story": "The tree and stick unite to create cudgel, shouting \"Bahng!\" sharply!",
      "primitives": []
    },
    {
      "id": 1176,
      "character": "勤",
      "pinyin": "qín",
      "tone": 2,
      "meaning": "diligent",
      "story": "This character represents diligent, asking \"Chin? Working?\" curiously!",
      "primitives": []
    },
    {
      "id": 1177,
      "character": "謹",
      "pinyin": "jǐn",
      "tone": 3,
      "meaning": "careful",
      "story": "A striking symbol for careful that whispers \"Jin\" softly - a vivid image to remember!",
      "primitives": []
    },
    {
      "id": 1178,
      "character": "僅",
      "pinyin": "jǐn",
      "tone": 3,
      "meaning": "merely",
      "story": "The person takes the shape of merely, whispering \"Jin\" softly!",
      "primitives": []
    },
    {
      "id": 1179,
      "character": "漢",
      "pinyin": "hàn",
      "tone": 4,
      "meaning": "Han",
      "story": "The water takes the shape of han, shouting \"Hahn!\" sharply like ripples spreading across a pond!",
      "primitives": []
    },
    {
      "id": 1180,
      "character": "難",
      "pinyin": "nán",
      "tone": 2,
      "meaning": "difficult",
      "story": "Picture difficult taking form - it asks \"Nahn? Arduous?\" with vivid energy!",
      "primitives": []
    },
    {
      "id": 1181,
      "character": "攤",
      "pinyin": "tan",
      "tone": 5,
      "meaning": "Vendor's Stand",
      "story": "Like a hand, this character means vendor's stand and calls \"Tahn\"!",
      "primitives": []
    },
    {
      "id": 1182,
      "character": "華",
      "pinyin": "huá",
      "tone": 2,
      "meaning": "Splendor",
      "story": "The strokes unite to show splendor, asking \"Hwah? Magnificent?\" curiously!",
      "primitives": []
    },
    {
      "id": 1183,
      "character": "嘩",
      "pinyin": "huá",
      "tone": 2,
      "meaning": "Clamor",
      "story": "The mouth takes the shape of clamor, asking \"Hwah? Noise?\" curiously!",
      "primitives": []
    },
    {
      "id": 1184,
      "character": "垂",
      "pinyin": "chuí",
      "tone": 2,
      "meaning": "to droop",
      "story": "\"Chway, is it hanging?\" The cliff questioned ground curiously - drooping and dangling down!",
      "primitives": []
    },
    {
      "id": 1185,
      "character": "錘",
      "pinyin": "chuí",
      "tone": 2,
      "meaning": "Hammer",
      "story": "The metal takes the shape of hammer, asking \"Chway? Spindle?\" curiously!",
      "primitives": []
    }
  ]
}
