{
  "lesson": 108,
  "characterCount": 47,
  "characterList": "馴瑪駐驕馳螞憑駛騷駕騾駁闖驅騙驟遞虜虐膚盧爐蘆驢虧污愕誇垮跨獻融隔濾慶薦傑瞬麟憐鄰曬灑罷擺唇辱",
  "themes": ["numbers", "fire", "body", "action"],
  "characters": [
    {
      "id": 2847,
      "character": "馴",
      "pinyin": "xún",
      "tone": 2,
      "meaning": "tame",
      "story": "\"SHYOON?\" the horse and stream question curiously - tame, to domesticate and train?",
      "primitives": []
    },
    {
      "id": 2848,
      "character": "瑪",
      "pinyin": "mǎ",
      "tone": 3,
      "meaning": "Mary",
      "story": "The jewel and horse bend down drooping - Mary, name, and gemstone.",
      "primitives": []
    },
    {
      "id": 2849,
      "character": "駐",
      "pinyin": "zhù",
      "tone": 4,
      "meaning": "be stationed",
      "story": "\"JOO!\" the horse commands sharply - to be stationed, deploy, and guard the post!",
      "primitives": []
    },
    {
      "id": 2850,
      "character": "驕",
      "pinyin": "jiāo",
      "tone": 1,
      "meaning": "arrogant",
      "story": "\"JYAO!\" the horse and angel sing cheerfully - arrogant, proud, and haughty!",
      "primitives": []
    },
    {
      "id": 2851,
      "character": "馳",
      "pinyin": "chí",
      "tone": 2,
      "meaning": "gallop",
      "story": "\"CHIH?\" the horse questions curiously - to gallop, race, and become famous?",
      "primitives": []
    },
    {
      "id": 2852,
      "character": "螞",
      "pinyin": "mà",
      "tone": 4,
      "meaning": "leech-hopper",
      "story": "\"MAH!\" the insect and horse command sharply - leech-hopper, ant, and grasshopper - black!",
      "primitives": []
    },
    {
      "id": 2853,
      "character": "憑",
      "pinyin": "píng",
      "tone": 2,
      "meaning": "proof",
      "story": "\"PING?\" the heart questions curiously - proof, evidence, and basis for arrest?",
      "primitives": []
    },
    {
      "id": 2854,
      "character": "駛",
      "pinyin": "shǐ",
      "tone": 3,
      "meaning": "maneuver",
      "story": "Picture maneuver taking form - it whispers \"Shǐ!\" with vivid energy!",
      "primitives": []
    },
    {
      "id": 2855,
      "character": "騷",
      "pinyin": "sāo",
      "tone": 1,
      "meaning": "disturb",
      "story": "\"SAO!\" the horse sings cheerfully - to disturb, harass, and trouble!",
      "primitives": []
    },
    {
      "id": 2856,
      "character": "駕",
      "pinyin": "jià",
      "tone": 4,
      "meaning": "drive",
      "story": "\"JYAH!\" the horse commands sharply - to drive, pilot, and control!",
      "primitives": []
    },
    {
      "id": 2857,
      "character": "騾",
      "pinyin": "luó",
      "tone": 2,
      "meaning": "mule",
      "story": "\"LWOH?\" the horse and tired question curiously - a mule, hybrid donkey?",
      "primitives": []
    },
    {
      "id": 2858,
      "character": "駁",
      "pinyin": "bó",
      "tone": 2,
      "meaning": "refute",
      "story": "\"BWOH?\" the horse and two sheaves question curiously - to refute, dispute, and contradict?",
      "primitives": []
    },
    {
      "id": 2859,
      "character": "闖",
      "pinyin": "chuǎng",
      "tone": 3,
      "meaning": "rush",
      "story": "The gate takes the shape of rush, whispering \"Chuǎng!\" softly!",
      "primitives": []
    },
    {
      "id": 2860,
      "character": "驅",
      "pinyin": "qū",
      "tone": 1,
      "meaning": "drive away",
      "story": "\"CHYOO!\" the horse sings cheerfully - to drive away, expel, and chase!",
      "primitives": []
    },
    {
      "id": 2861,
      "character": "騙",
      "pinyin": "piàn",
      "tone": 4,
      "meaning": "cheat",
      "story": "\"PYEN!\" the horse commands sharply - to cheat, deceive, and swindle!",
      "primitives": []
    },
    {
      "id": 2862,
      "character": "驟",
      "pinyin": "zhòu",
      "tone": 4,
      "meaning": "trot",
      "story": "\"JOH!\" the horse commands sharply - to trot, gallop suddenly!",
      "primitives": []
    },
    {
      "id": 2863,
      "character": "遞",
      "pinyin": "dì",
      "tone": 4,
      "meaning": "hand over",
      "story": "\"DEE!\" the tiger and road command sharply - to hand over, deliver, and pass the smoke and drink!",
      "primitives": []
    },
    {
      "id": 2864,
      "character": "虜",
      "pinyin": "lǔ",
      "tone": 3,
      "meaning": "take captive",
      "story": "The tiger and male with brains hanging out bend down drooping - to take captive, capture as prisoner.",
      "primitives": []
    },
    {
      "id": 2865,
      "character": "虐",
      "pinyin": "nüè",
      "tone": 4,
      "meaning": "despotic",
      "story": "\"NYUEH!\" the tiger and backward broom command sharply - despotic, cruel to mistreat!",
      "primitives": []
    },
    {
      "id": 2866,
      "character": "膚",
      "pinyin": "fū",
      "tone": 1,
      "meaning": "skin",
      "story": "\"FOO!\" the flesh sings cheerfully - skin, epidermis, and surface!",
      "primitives": []
    },
    {
      "id": 2867,
      "character": "盧",
      "pinyin": "lú",
      "tone": 2,
      "meaning": "Louvre",
      "story": "A striking symbol for louvre that asks \"LOO?\" curiously - a vivid image to remember!",
      "primitives": []
    },
    {
      "id": 2868,
      "character": "爐",
      "pinyin": "lú",
      "tone": 2,
      "meaning": "stove",
      "story": "\"LOO?\" the fire and Louvre question curiously - a stove, furnace with hot pebbles!",
      "primitives": []
    },
    {
      "id": 2869,
      "character": "蘆",
      "pinyin": "lú",
      "tone": 2,
      "meaning": "reeds",
      "story": "\"LOO?\" the flowers and Louvre question curiously - reeds, marsh plants?",
      "primitives": []
    },
    {
      "id": 2870,
      "character": "驢",
      "pinyin": "lǘ",
      "tone": 2,
      "meaning": "donkey",
      "story": "\"LYOO?\" the horse and Louvre question curiously - a donkey, stubborn ass?",
      "primitives": []
    },
    {
      "id": 2871,
      "character": "虧",
      "pinyin": "kuī",
      "tone": 1,
      "meaning": "loss",
      "story": "\"KWAY!\" it sings cheerfully despite loss, deficit, and damage!",
      "primitives": []
    },
    {
      "id": 2872,
      "character": "污",
      "pinyin": "wū",
      "tone": 1,
      "meaning": "filthy",
      "story": "\"WOO!\" the water sings cheerfully - filthy, dirty to pollute!",
      "primitives": []
    },
    {
      "id": 2873,
      "character": "愕",
      "pinyin": "è",
      "tone": 4,
      "meaning": "stunned",
      "story": "\"UH!\" the state of mind, chatterbox, and snake hook command sharply - stunned and shocked!",
      "primitives": []
    },
    {
      "id": 2874,
      "character": "誇",
      "pinyin": "kuā",
      "tone": 1,
      "meaning": "brag",
      "story": "\"KWAH!\" the words sing cheerfully - to brag, boast, and exaggerate the rumor!",
      "primitives": []
    },
    {
      "id": 2875,
      "character": "垮",
      "pinyin": "kuǎ",
      "tone": 3,
      "meaning": "collapse",
      "story": "The soil and blowhard bend down drooping - to collapse, crumble, and fail.",
      "primitives": []
    },
    {
      "id": 2876,
      "character": "跨",
      "pinyin": "kuà",
      "tone": 4,
      "meaning": "straddle",
      "story": "\"KWAH!\" the wooden leg and blowhard command sharply - to straddle, span, and cross!",
      "primitives": []
    },
    {
      "id": 2877,
      "character": "獻",
      "pinyin": "xiàn",
      "tone": 4,
      "meaning": "donate",
      "story": "\"SHYEN!\" the dog commands sharply - to donate, offer, and contribute to school!",
      "primitives": []
    },
    {
      "id": 2878,
      "character": "融",
      "pinyin": "róng",
      "tone": 2,
      "meaning": "melt",
      "story": "\"RUNG?\" he questions curiously - to melt, dissolve in gene fusion?",
      "primitives": []
    },
    {
      "id": 2879,
      "character": "隔",
      "pinyin": "gé",
      "tone": 2,
      "meaning": "separate",
      "story": "\"GUH?\" the pinnacle questions curiously - to separate, isolate the hospital?",
      "primitives": []
    },
    {
      "id": 2880,
      "character": "濾",
      "pinyin": "lǜ",
      "tone": 4,
      "meaning": "filter",
      "story": "\"LYOO!\" the water and ponder command sharply - to filter, strain, and sieve!",
      "primitives": []
    },
    {
      "id": 2881,
      "character": "慶",
      "pinyin": "qìng",
      "tone": 4,
      "meaning": "celebrate",
      "story": "\"CHING!\" the deer, flattened clothes hanger, heart, and walking legs command sharply - to celebrate, rejoice at festivals!",
      "primitives": []
    },
    {
      "id": 2882,
      "character": "薦",
      "pinyin": "jiàn",
      "tone": 4,
      "meaning": "recommend",
      "story": "\"JYEN!\" the flowers command sharply - to recommend, endorse, and suggest!",
      "primitives": []
    },
    {
      "id": 2883,
      "character": "傑",
      "pinyin": "jié",
      "tone": 2,
      "meaning": "outstanding",
      "story": "\"JYEH?\" the person questions curiously - outstanding, excellent, and exceptional?",
      "primitives": []
    },
    {
      "id": 2884,
      "character": "瞬",
      "pinyin": "shùn",
      "tone": 4,
      "meaning": "instant",
      "story": "\"SHWUN!\" the eyes command sharply - an instant, moment, and flash!",
      "primitives": []
    },
    {
      "id": 2885,
      "character": "麟",
      "pinyin": "lín",
      "tone": 2,
      "meaning": "Chinese unicorn",
      "story": "\"LIN?\" the deer and jack o' lantern question curiously - Chinese unicorn, mythical at carp tower?",
      "primitives": []
    },
    {
      "id": 2886,
      "character": "憐",
      "pinyin": "lián",
      "tone": 2,
      "meaning": "pity",
      "story": "\"LYEN?\" the state of mind questions curiously - to pity, sympathize with compassion?",
      "primitives": []
    },
    {
      "id": 2887,
      "character": "鄰",
      "pinyin": "lín",
      "tone": 2,
      "meaning": "neighbor",
      "story": "\"LIN?\" the city walls question curiously - a neighbor, adjacent, and nearby?",
      "primitives": []
    },
    {
      "id": 2888,
      "character": "曬",
      "pinyin": "shài",
      "tone": 4,
      "meaning": "bask",
      "story": "\"SHAI!\" the sun commands sharply - to bask, dry, and hang clothes!",
      "primitives": []
    },
    {
      "id": 2889,
      "character": "灑",
      "pinyin": "sǎ",
      "tone": 3,
      "meaning": "spill",
      "story": "The water stands for spill, whispering \"Sǎ!\" softly like ripples spreading across a pond!",
      "primitives": []
    },
    {
      "id": 2890,
      "character": "罷",
      "pinyin": "ba",
      "tone": 5,
      "meaning": "cease",
      "story": "\"BAH,\" he says neutrally - to cease, stop, and quit.",
      "primitives": []
    },
    {
      "id": 2891,
      "character": "擺",
      "pinyin": "bǎi",
      "tone": 3,
      "meaning": "put in order",
      "story": "The fingers bend down drooping - to put in order, arrange, and display.",
      "primitives": []
    },
    {
      "id": 2892,
      "character": "唇",
      "pinyin": "chún",
      "tone": 2,
      "meaning": "lips",
      "story": "\"CHWUN?\" the sign of dragon and mouth question curiously - lips, thirsty, and ruptured?",
      "primitives": []
    },
    {
      "id": 2893,
      "character": "辱",
      "pinyin": "rù",
      "tone": 4,
      "meaning": "disgrace",
      "story": "\"ROO!\" he commands sharply - disgrace, shame, insult, and scold!",
      "primitives": []
    }
  ]
}
