{
  "lesson": 98,
  "characterCount": 45,
  "characterList": "鍾痰症疼癒疫癌疲疾痴瘤痕癢癱瘡穩隱癮巨渠拒矩距框筐砸匯匠匪匿兜毆軀昂抑葵僚遼瞭療瞪凳澄潑撥",
  "themes": ["fire", "numbers", "water"],
  "characters": [
    {
      "id": 2594,
      "character": "鍾",
      "pinyin": "zhōng",
      "tone": 1,
      "meaning": "draw together",
      "story": "\"JUNG!\" the metal and heavy sing cheerfully - to draw together, concentrate and focus!",
      "primitives": []
    },
    {
      "id": 2595,
      "character": "痰",
      "pinyin": "tán",
      "tone": 2,
      "meaning": "phlegm",
      "story": "\"TAN?\" the sickness and inflammation question curiously - is this phlegm, mucus and sputum?",
      "primitives": []
    },
    {
      "id": 2596,
      "character": "症",
      "pinyin": "zhèng",
      "tone": 4,
      "meaning": "disease",
      "story": "\"JUNG!\" the sickness commands sharply to be correct - the disease, illness and lost soul syndrome!",
      "primitives": []
    },
    {
      "id": 2597,
      "character": "疼",
      "pinyin": "téng",
      "tone": 2,
      "meaning": "hurt",
      "story": "\"TUNG?\" the sickness questions curiously - does it hurt, ache and pain?",
      "primitives": []
    },
    {
      "id": 2598,
      "character": "癒",
      "pinyin": "yù",
      "tone": 4,
      "meaning": "get well",
      "story": "\"YOO!\" the sickness commands sharply to get better more and more - to heal the scars!",
      "primitives": []
    },
    {
      "id": 2599,
      "character": "疫",
      "pinyin": "yì",
      "tone": 4,
      "meaning": "epidemic",
      "story": "\"YEE!\" the sickness commands sharply - an epidemic, plague and outbreak!",
      "primitives": []
    },
    {
      "id": 2600,
      "character": "癌",
      "pinyin": "ái",
      "tone": 2,
      "meaning": "cancer",
      "story": "\"AI?\" the sickness questions curiously - is it cancer, a malignant tumor?",
      "primitives": []
    },
    {
      "id": 2601,
      "character": "疲",
      "pinyin": "pí",
      "tone": 2,
      "meaning": "fatigued",
      "story": "\"PEE?\" the sickness questions curiously - are you fatigued, exhausted and weary?",
      "primitives": []
    },
    {
      "id": 2602,
      "character": "疾",
      "pinyin": "jí",
      "tone": 2,
      "meaning": "rapid",
      "story": "\"JEE?\" the sickness questions curiously and rapid, swift and speedy!",
      "primitives": []
    },
    {
      "id": 2603,
      "character": "痴",
      "pinyin": "chī",
      "tone": 1,
      "meaning": "idiotic",
      "story": "\"CHIH!\" the sickness sings cheerfully - being idiotic, foolish and obsessed!",
      "primitives": []
    },
    {
      "id": 2604,
      "character": "瘤",
      "pinyin": "liú",
      "tone": 2,
      "meaning": "tumor",
      "story": "\"LYOH?\" the sickness questions curiously about what stays - a tumor, a growth and lump?",
      "primitives": []
    },
    {
      "id": 2605,
      "character": "痕",
      "pinyin": "hén",
      "tone": 2,
      "meaning": "trace",
      "story": "\"HUN?\" the sickness questions curiously - is this a trace, a mark and scar?",
      "primitives": []
    },
    {
      "id": 2606,
      "character": "癢",
      "pinyin": "yǎng",
      "tone": 3,
      "meaning": "itch",
      "story": "Picture itch taking form - it whispers \"Yǎng!\" with vivid energy!",
      "primitives": []
    },
    {
      "id": 2607,
      "character": "癱",
      "pinyin": "tān",
      "tone": 1,
      "meaning": "paralysis",
      "story": "\"TAN!\" the sickness and difficult sing cheerfully despite paralysis - immobilized and disabled!",
      "primitives": []
    },
    {
      "id": 2608,
      "character": "瘡",
      "pinyin": "chuāng",
      "tone": 1,
      "meaning": "sore",
      "story": "\"CHWAHNG!\" the sickness and storehouse sing cheerfully - a sore, a wound and lesion!",
      "primitives": []
    },
    {
      "id": 2609,
      "character": "穩",
      "pinyin": "wěn",
      "tone": 3,
      "meaning": "stable",
      "story": "The strokes unite to show stable, whispering \"Wěn!\" softly - a vivid image to remember!",
      "primitives": []
    },
    {
      "id": 2610,
      "character": "隱",
      "pinyin": "yǐn",
      "tone": 3,
      "meaning": "hidden",
      "story": "Picture hidden taking form - it whispers \"Yǐn!\" with vivid energy!",
      "primitives": []
    },
    {
      "id": 2611,
      "character": "癮",
      "pinyin": "yǐn",
      "tone": 3,
      "meaning": "addiction",
      "story": "An striking symbol for addiction that whispers \"Yǐn!\" softly!",
      "primitives": []
    },
    {
      "id": 2612,
      "character": "巨",
      "pinyin": "jù",
      "tone": 4,
      "meaning": "gigantic",
      "story": "The strokes unite to show gigantic, shouting \"JYOO!\" sharply!",
      "primitives": []
    },
    {
      "id": 2613,
      "character": "渠",
      "pinyin": "qú",
      "tone": 2,
      "meaning": "canal",
      "story": "\"CHYOO?\" the water, giant and tree question curiously - is this a canal, a channel and ditch?",
      "primitives": []
    },
    {
      "id": 2614,
      "character": "拒",
      "pinyin": "jù",
      "tone": 4,
      "meaning": "refuse",
      "story": "\"JYOO!\" the fingers command sharply - to refuse, reject and decline the call!",
      "primitives": []
    },
    {
      "id": 2615,
      "character": "矩",
      "pinyin": "jǔ",
      "tone": 3,
      "meaning": "square",
      "story": "The strokes unite to show square, whispering \"Jǔ!\" softly - a vivid image to remember!",
      "primitives": []
    },
    {
      "id": 2616,
      "character": "距",
      "pinyin": "jù",
      "tone": 4,
      "meaning": "distance",
      "story": "\"JYOO!\" the foot commands sharply - measuring the distance, the gap and separation!",
      "primitives": []
    },
    {
      "id": 2617,
      "character": "框",
      "pinyin": "kuàng",
      "tone": 4,
      "meaning": "rectangular frame",
      "story": "\"KWAHNG!\" the tree, box and jewel command sharply - a rectangular frame, a border for pictures and certificates!",
      "primitives": []
    },
    {
      "id": 2618,
      "character": "筐",
      "pinyin": "kuāng",
      "tone": 1,
      "meaning": "rectangular basket",
      "story": "\"KWAHNG!\" the bamboo, box and king sing cheerfully - a rectangular basket for fruit containers!",
      "primitives": []
    },
    {
      "id": 2619,
      "character": "砸",
      "pinyin": "zá",
      "tone": 2,
      "meaning": "smash",
      "story": "\"DZAH?\" the stone questions curiously - will you smash, shatter and break?",
      "primitives": []
    },
    {
      "id": 2620,
      "character": "匯",
      "pinyin": "huì",
      "tone": 4,
      "meaning": "converge",
      "story": "\"HWAY!\" the box, water and turkey command sharply - to converge, gather and assemble!",
      "primitives": []
    },
    {
      "id": 2621,
      "character": "匠",
      "pinyin": "jiàng",
      "tone": 4,
      "meaning": "artisan",
      "story": "\"JYAHNG!\" the box and tomahawk command sharply - an artisan, a craftsman comedian!",
      "primitives": []
    },
    {
      "id": 2622,
      "character": "匪",
      "pinyin": "fěi",
      "tone": 3,
      "meaning": "bandit",
      "story": "The box and jail cell bend down drooping - a bandit, a thief and outlaw!",
      "primitives": []
    },
    {
      "id": 2623,
      "character": "匿",
      "pinyin": "nì",
      "tone": 4,
      "meaning": "keep out of sight",
      "story": "\"NEE!\" the box and Disneyland command sharply - to keep out of sight, hide and conceal!",
      "primitives": []
    },
    {
      "id": 2624,
      "character": "兜",
      "pinyin": "dōu",
      "tone": 1,
      "meaning": "pocket",
      "story": "\"DOH!\" he sings cheerfully about the pocket, pouch to carry!",
      "primitives": []
    },
    {
      "id": 2625,
      "character": "毆",
      "pinyin": "ōu",
      "tone": 1,
      "meaning": "hit",
      "story": "\"OH!\" the bones sing cheerfully - to hit, fight and strike in the cloud recesses!",
      "primitives": []
    },
    {
      "id": 2626,
      "character": "軀",
      "pinyin": "qū",
      "tone": 1,
      "meaning": "human body",
      "story": "\"CHYOO!\" the car sings cheerfully - the human body, physique and torso!",
      "primitives": []
    },
    {
      "id": 2627,
      "character": "昂",
      "pinyin": "áng",
      "tone": 2,
      "meaning": "hold one's head high",
      "story": "\"AHNG?\" the sun questions curiously - will you hold your head high, proud and lofty?",
      "primitives": []
    },
    {
      "id": 2628,
      "character": "抑",
      "pinyin": "yì",
      "tone": 4,
      "meaning": "curb",
      "story": "\"YEE!\" the fingers command sharply - to curb, restrain and repress!",
      "primitives": []
    },
    {
      "id": 2629,
      "character": "葵",
      "pinyin": "kuí",
      "tone": 2,
      "meaning": "large-flowered plants",
      "story": "\"KWAY?\" the flowers, teepee and heavens question curiously - are these large-flowered plants, sunflowers?",
      "primitives": []
    },
    {
      "id": 2630,
      "character": "僚",
      "pinyin": "liáo",
      "tone": 2,
      "meaning": "coworker",
      "story": "\"LYAO?\" the person and pup tent question curiously - is this a coworker, an official bureaucrat?",
      "primitives": []
    },
    {
      "id": 2631,
      "character": "遼",
      "pinyin": "liáo",
      "tone": 2,
      "meaning": "far away",
      "story": "\"LYAO?\" the road questions curiously - how far away, distant and remote?",
      "primitives": []
    },
    {
      "id": 2632,
      "character": "瞭",
      "pinyin": "liǎo",
      "tone": 3,
      "meaning": "comprehend",
      "story": "The eyes bend down drooping - to comprehend, understand and grasp!",
      "primitives": []
    },
    {
      "id": 2633,
      "character": "療",
      "pinyin": "liáo",
      "tone": 2,
      "meaning": "cure",
      "story": "\"LYAO?\" the sickness questions curiously - will you cure, treat and heal?",
      "primitives": []
    },
    {
      "id": 2634,
      "character": "瞪",
      "pinyin": "dèng",
      "tone": 4,
      "meaning": "glare",
      "story": "\"DUNG!\" the eyes command sharply - to glare, stare and gaze!",
      "primitives": []
    },
    {
      "id": 2635,
      "character": "凳",
      "pinyin": "dèng",
      "tone": 4,
      "meaning": "bench",
      "story": "\"DUNG!\" he commands sharply - sit on the bench, the stool and seat!",
      "primitives": []
    },
    {
      "id": 2636,
      "character": "澄",
      "pinyin": "chéng",
      "tone": 2,
      "meaning": "transparent",
      "story": "\"CHUNG?\" the water questions curiously - is it transparent, clear like the untamed?",
      "primitives": []
    },
    {
      "id": 2637,
      "character": "潑",
      "pinyin": "pō",
      "tone": 1,
      "meaning": "splash",
      "story": "\"PWOH!\" the water sings cheerfully - to splash, be spirited and lively!",
      "primitives": []
    },
    {
      "id": 2638,
      "character": "撥",
      "pinyin": "bō",
      "tone": 1,
      "meaning": "allocate",
      "story": "\"BWOH!\" the fingers and courier sing cheerfully - to allocate, distribute and provoke!",
      "primitives": []
    }
  ]
}
