{
  "lesson": 1,
  "characterCount": 15,
  "characterList": "一二三四五六七八九十口日月田目",
  "themes": ["numbers", "body", "time", "nature"],
  "characters": [
    {
      "id": 1,
      "character": "一",
      "pinyin": "yī",
      "tone": 1,
      "meaning": "one",
      "story": "A single proud line stands alone, singing \"Yeeee!\" - this is number one!",
      "primitives": ["horizontal line"]
    },
    {
      "id": 2,
      "character": "二",
      "pinyin": "èr",
      "tone": 4,
      "meaning": "two",
      "story": "Two parallel lines stack up, yelling \"ERR!\" when you count twice!",
      "primitives": ["horizontal line"]
    },
    {
      "id": 3,
      "character": "三",
      "pinyin": "sān",
      "tone": 1,
      "meaning": "three",
      "story": "Three horizontal lines rise like stairs, singing \"Saaaan-shine\" in harmony!",
      "primitives": ["horizontal line"]
    },
    {
      "id": 4,
      "character": "四",
      "pinyin": "sì",
      "tone": 4,
      "meaning": "four",
      "story": "Inside the box, your four items command \"See this!\" sharply!",
      "primitives": ["box", "items"]
    },
    {
      "id": 5,
      "character": "五",
      "pinyin": "wǔ",
      "tone": 3,
      "meaning": "five",
      "story": "Five strokes converge at the crossing point, calling out \"Woo\"!",
      "primitives": ["fingers"]
    },
    {
      "id": 6,
      "character": "六",
      "pinyin": "liù",
      "tone": 4,
      "meaning": "six",
      "story": "A lid over eight yells \"Leo!\" for six sharp reasons!",
      "primitives": ["lid", "eight"]
    },
    {
      "id": 7,
      "character": "七",
      "pinyin": "qī",
      "tone": 1,
      "meaning": "seven",
      "story": "Seven kids drew slashes across the night sky with bright sparklers, yelling \"Chee!\"!",
      "primitives": ["slash"]
    },
    {
      "id": 8,
      "character": "八",
      "pinyin": "bā",
      "tone": 1,
      "meaning": "eight",
      "story": "Eight paths diverge like spreading wings, calling \"Baaaa!\" as they separate!",
      "primitives": ["split paths"]
    },
    {
      "id": 9,
      "character": "九",
      "pinyin": "jiǔ",
      "tone": 3,
      "meaning": "nine",
      "story": "Nine hooks around like a curving tail, bending as it says \"Jiu\"!",
      "primitives": ["hook"]
    },
    {
      "id": 10,
      "character": "十",
      "pinyin": "shí",
      "tone": 2,
      "meaning": "ten",
      "story": "A cross at ten keeps asking \"Shi? Why ten?\" curiously!",
      "primitives": ["cross"]
    },
    {
      "id": 11,
      "character": "口",
      "pinyin": "kǒu",
      "tone": 3,
      "meaning": "Mouth",
      "story": "Your mouth forms a perfect square, speaking \"Ko\" clearly spoken through parted lips!",
      "primitives": ["mouth"]
    },
    {
      "id": 12,
      "character": "日",
      "pinyin": "rì",
      "tone": 4,
      "meaning": "Day",
      "story": "The sun yells \"REE!\" sharply to wake you each day!",
      "primitives": ["sun"]
    },
    {
      "id": 13,
      "character": "月",
      "pinyin": "yuè",
      "tone": 4,
      "meaning": "Month",
      "story": "The crescent moon marks time's passage, whispering \"Yue!\" as each month turns!",
      "primitives": ["moon"]
    },
    {
      "id": 14,
      "character": "田",
      "pinyin": "tián",
      "tone": 2,
      "meaning": "Rice Field",
      "story": "In the rice field, farmers ask \"Tian? Why so muddy?\" curiously!",
      "primitives": ["rice field"]
    },
    {
      "id": 15,
      "character": "目",
      "pinyin": "mù",
      "tone": 4,
      "meaning": "Eye",
      "story": "Your eye angrily yells \"MOO!\" when dust gets in it!",
      "primitives": ["eye"]
    }
  ]
}
