{
  "lesson": 102,
  "characterCount": 16,
  "characterList": "啞壺蟹懈購溝鑰籲冊刪柵珊遍偏淪倫",
  "themes": [],
  "characters": [
    {
      "id": 2706,
      "character": "啞",
      "pinyin": "yǎ",
      "tone": 3,
      "meaning": "mute",
      "story": "The mouth and asia bend down drooping - mute, silent and speechless!",
      "primitives": []
    },
    {
      "id": 2707,
      "character": "壺",
      "pinyin": "hú",
      "tone": 2,
      "meaning": "kettle",
      "story": "\"HOO?\" the soldier, crown and asia question curiously - is this a kettle, a teapot and pot?",
      "primitives": []
    },
    {
      "id": 2708,
      "character": "蟹",
      "pinyin": "xiè",
      "tone": 4,
      "meaning": "crab",
      "story": "\"SHYEH!\" the insect commands sharply - a crab, shellfish with claws!",
      "primitives": []
    },
    {
      "id": 2709,
      "character": "懈",
      "pinyin": "xiè",
      "tone": 4,
      "meaning": "lax",
      "story": "\"SHYEH!\" the state of mind commands sharply - being lax, slack and relaxed!",
      "primitives": []
    },
    {
      "id": 2710,
      "character": "購",
      "pinyin": "gòu",
      "tone": 4,
      "meaning": "purchase",
      "story": "\"GOH!\" the shells command sharply - to purchase, buy and acquire!",
      "primitives": []
    },
    {
      "id": 2711,
      "character": "溝",
      "pinyin": "gōu",
      "tone": 1,
      "meaning": "ditch",
      "story": "\"GOH!\" the water sings cheerfully - a ditch, a trench for the generation gap!",
      "primitives": []
    },
    {
      "id": 2712,
      "character": "鑰",
      "pinyin": "yào",
      "tone": 4,
      "meaning": "key",
      "story": "\"YAO!\" the metal commands sharply - the key to unlock and access!",
      "primitives": []
    },
    {
      "id": 2713,
      "character": "籲",
      "pinyin": "yù",
      "tone": 4,
      "meaning": "plead",
      "story": "\"YOO!\" the bamboo, study group and page command sharply - to plead, appeal and beg!",
      "primitives": []
    },
    {
      "id": 2714,
      "character": "冊",
      "pinyin": "cè",
      "tone": 4,
      "meaning": "Vol",
      "story": "\"TSUH!\" the tome commands sharply - a Vol, a book to register!",
      "primitives": []
    },
    {
      "id": 2715,
      "character": "刪",
      "pinyin": "shān",
      "tone": 1,
      "meaning": "delete",
      "story": "\"SHAN!\" the saber sings cheerfully - to delete, remove and erase!",
      "primitives": []
    },
    {
      "id": 2716,
      "character": "柵",
      "pinyin": "zhà",
      "tone": 4,
      "meaning": "palisade",
      "story": "\"JAH!\" the tree commands sharply - a palisade, a fence of stakes!",
      "primitives": []
    },
    {
      "id": 2717,
      "character": "珊",
      "pinyin": "shān",
      "tone": 1,
      "meaning": "coral",
      "story": "\"SHAN!\" the jewel sings cheerfully - coral, a reef and name!",
      "primitives": []
    },
    {
      "id": 2718,
      "character": "遍",
      "pinyin": "biàn",
      "tone": 4,
      "meaning": "everywhere",
      "story": "\"BYEN!\" the road commands sharply - everywhere, all over to remind!",
      "primitives": []
    },
    {
      "id": 2719,
      "character": "偏",
      "pinyin": "piān",
      "tone": 1,
      "meaning": "partial",
      "story": "\"PYEN!\" the person and book cover sing cheerfully - partial, biased and simplified!",
      "primitives": []
    },
    {
      "id": 2720,
      "character": "淪",
      "pinyin": "lún",
      "tone": 2,
      "meaning": "sink",
      "story": "\"LWUN?\" the water and library question curiously - will it sink, fall and descend?",
      "primitives": []
    },
    {
      "id": 2721,
      "character": "倫",
      "pinyin": "lún",
      "tone": 2,
      "meaning": "human relationships",
      "story": "\"LWUN?\" the person and library question curiously - human relationships, ethics and family bonds?",
      "primitives": []
    }
  ]
}
