{
  "lesson": 5,
  "characterCount": 23,
  "characterList": "直置具真工左右有賄貢項刀刃切召昭則副丁叮可哥頂",
  "themes": ["numbers"],
  "characters": [
    {
      "id": 68,
      "character": "直",
      "pinyin": "zhí",
      "tone": 2,
      "meaning": "straight",
      "story": "Like an eye, this character means straight and asks \"Zhi? Why so direct?\"!",
      "primitives": []
    },
    {
      "id": 69,
      "character": "置",
      "pinyin": "zhì",
      "tone": 4,
      "meaning": "to set up",
      "story": "Set up the net straight, commanding \"Zhi!\" sharply in place!",
      "primitives": []
    },
    {
      "id": 70,
      "character": "具",
      "pinyin": "jù",
      "tone": 4,
      "meaning": "Tool",
      "story": "The crowded tool table had eyes painted on everything - juice boxes included!",
      "primitives": []
    },
    {
      "id": 71,
      "character": "真",
      "pinyin": "zhēn",
      "tone": 1,
      "meaning": "true",
      "story": "Ten eyes sing \"Zhen!\" happily seeing the truth!",
      "primitives": []
    },
    {
      "id": 72,
      "character": "工",
      "pinyin": "gōng",
      "tone": 1,
      "meaning": "the Work",
      "story": "The construction workers sang \"Gong!\" as they lifted the beams.",
      "primitives": []
    },
    {
      "id": 73,
      "character": "左",
      "pinyin": "zuǒ",
      "tone": 3,
      "meaning": "Left",
      "story": "The hand stands for left, whispering \"Zuo\" softly reached by outstretched fingers!",
      "primitives": []
    },
    {
      "id": 74,
      "character": "右",
      "pinyin": "yòu",
      "tone": 4,
      "meaning": "Right",
      "story": "Picture a mouth beside a hand: that's right, shouting \"Yo!\" sharply!",
      "primitives": []
    },
    {
      "id": 75,
      "character": "有",
      "pinyin": "yǒu",
      "tone": 3,
      "meaning": "to possess",
      "story": "To possess the moon with your right hand, it bends drooping saying \"Yo\"!",
      "primitives": []
    },
    {
      "id": 76,
      "character": "賄",
      "pinyin": "huì",
      "tone": 4,
      "meaning": "bribe",
      "story": "A bribe of shellfish yells \"Hway!\" sharply with each corrupt hand!",
      "primitives": []
    },
    {
      "id": 77,
      "character": "貢",
      "pinyin": "gòng",
      "tone": 4,
      "meaning": "Tribute",
      "story": "Tribute of work and shellfish commands \"Gong!\" sharply to the emperor!",
      "primitives": []
    },
    {
      "id": 78,
      "character": "項",
      "pinyin": "xiàng",
      "tone": 4,
      "meaning": "Item",
      "story": "The item page of your head yells \"Shyang!\" sharply!",
      "primitives": []
    },
    {
      "id": 79,
      "character": "刀",
      "pinyin": "dāo",
      "tone": 1,
      "meaning": "Sword",
      "story": "See how the sword forms sword? It sings \"Dao!\" cheerfully - a vivid image to remember!",
      "primitives": []
    },
    {
      "id": 80,
      "character": "刃",
      "pinyin": "rèn",
      "tone": 4,
      "meaning": "Blade",
      "story": "A dot on the blade yells \"Ren!\" sharply at the edge!",
      "primitives": []
    },
    {
      "id": 81,
      "character": "切",
      "pinyin": "qiè",
      "tone": 4,
      "meaning": "to cut",
      "story": "Cut with one sword, commanding \"Chieh!\" sharply!",
      "primitives": []
    },
    {
      "id": 82,
      "character": "召",
      "pinyin": "zhào",
      "tone": 4,
      "meaning": "to summon",
      "story": "Summon with your mouth and sword, yelling \"Zhao!\" sharply!",
      "primitives": []
    },
    {
      "id": 83,
      "character": "昭",
      "pinyin": "zhāo",
      "tone": 1,
      "meaning": "evident",
      "story": "See how the sun forms evident? It sings \"Zhao!\" cheerfully as sunlight streams across the sky!",
      "primitives": []
    },
    {
      "id": 84,
      "character": "則",
      "pinyin": "zé",
      "tone": 2,
      "meaning": "Rule",
      "story": "The rule with shellfish and sword questions \"Zeh? Why obey?\" curiously!",
      "primitives": []
    },
    {
      "id": 85,
      "character": "副",
      "pinyin": "fù",
      "tone": 4,
      "meaning": "vice-",
      "story": "The vice stands beside with a sword, commanding \"Fu!\" sharply!",
      "primitives": []
    },
    {
      "id": 86,
      "character": "丁",
      "pinyin": "dīng",
      "tone": 1,
      "meaning": "fourth",
      "story": "See how the nail forms fourth? It sings \"Ding!\" cheerfully - a vivid image to remember!",
      "primitives": []
    },
    {
      "id": 87,
      "character": "叮",
      "pinyin": "dīng",
      "tone": 1,
      "meaning": "to sting",
      "story": "When the nail meets the mouth, they form to sting, singing \"Ding!\" cheerfully!",
      "primitives": []
    },
    {
      "id": 88,
      "character": "可",
      "pinyin": "kě",
      "tone": 3,
      "meaning": "can",
      "story": "You can use your mouth bent down drooping saying \"Kuh\"!",
      "primitives": []
    },
    {
      "id": 89,
      "character": "哥",
      "pinyin": "gē",
      "tone": 1,
      "meaning": "Older Brother",
      "story": "This character represents older brother, singing \"Guh!\" cheerfully!",
      "primitives": []
    },
    {
      "id": 90,
      "character": "頂",
      "pinyin": "dǐng",
      "tone": 3,
      "meaning": "crest",
      "story": "Picture crest taking form - it whispers \"Ding\" with vivid energy!",
      "primitives": []
    }
  ]
}
