{
  "lesson": 100,
  "characterCount": 25,
  "characterList": "甜鉗媒煤謀棋欺旗嘶撕堪勘遣譴囊潰櫃宜誼租粗阻疊壘鋤",
  "themes": [],
  "characters": [
    {
      "id": 2663,
      "character": "甜",
      "pinyin": "tián",
      "tone": 2,
      "meaning": "sugary",
      "story": "\"TYEN?\" the tongue questions curiously - is it sugary, sweet like dessert?",
      "primitives": []
    },
    {
      "id": 2664,
      "character": "鉗",
      "pinyin": "qián",
      "tone": 2,
      "meaning": "pliers",
      "story": "\"CHYEN?\" the metal and wicker basket question curiously - are these pliers, tongs and clamp?",
      "primitives": []
    },
    {
      "id": 2665,
      "character": "媒",
      "pinyin": "méi",
      "tone": 2,
      "meaning": "matchmaker",
      "story": "\"MAY?\" the woman questions curiously - is she a matchmaker, a go-between for the birth?",
      "primitives": []
    },
    {
      "id": 2666,
      "character": "煤",
      "pinyin": "méi",
      "tone": 2,
      "meaning": "coal",
      "story": "\"MAY?\" the fire questions curiously - is this coal, a mineral fuel?",
      "primitives": []
    },
    {
      "id": 2667,
      "character": "謀",
      "pinyin": "móu",
      "tone": 2,
      "meaning": "scheme",
      "story": "\"MOH?\" the words question curiously - is this a scheme, a plot and conspiracy?",
      "primitives": []
    },
    {
      "id": 2668,
      "character": "棋",
      "pinyin": "qí",
      "tone": 2,
      "meaning": "chess",
      "story": "\"CHEE?\" the tree questions curiously - chess, a board game of strategy?",
      "primitives": []
    },
    {
      "id": 2669,
      "character": "欺",
      "pinyin": "qī",
      "tone": 1,
      "meaning": "dupe",
      "story": "\"CHEE!\" he sings cheerfully while trying to dupe, deceive and cheat!",
      "primitives": []
    },
    {
      "id": 2670,
      "character": "旗",
      "pinyin": "qí",
      "tone": 2,
      "meaning": "flag",
      "story": "\"CHEE?\" the flag questions curiously - painted by an inexperienced artist?",
      "primitives": []
    },
    {
      "id": 2671,
      "character": "嘶",
      "pinyin": "sī",
      "tone": 1,
      "meaning": "hoarse",
      "story": "\"SIH!\" the mouth and sphinx sing cheerfully but hoarse, raspy and harsh!",
      "primitives": []
    },
    {
      "id": 2672,
      "character": "撕",
      "pinyin": "sī",
      "tone": 1,
      "meaning": "rip",
      "story": "\"SIH!\" the fingers and sphinx sing cheerfully - to rip, tear and shred!",
      "primitives": []
    },
    {
      "id": 2673,
      "character": "堪",
      "pinyin": "kān",
      "tone": 1,
      "meaning": "tolerate",
      "story": "\"KAN!\" the soil and Hercules sing cheerfully - to tolerate, endure and withstand!",
      "primitives": []
    },
    {
      "id": 2674,
      "character": "勘",
      "pinyin": "kān",
      "tone": 1,
      "meaning": "survey",
      "story": "\"KAN!\" the tremendous Hercules and muscle sing cheerfully - to survey, investigate and inspect!",
      "primitives": []
    },
    {
      "id": 2675,
      "character": "遣",
      "pinyin": "qiǎn",
      "tone": 3,
      "meaning": "dispatch",
      "story": "The purse, maestro and road bend down drooping - to dispatch, send for fun and mockery!",
      "primitives": []
    },
    {
      "id": 2676,
      "character": "譴",
      "pinyin": "qiǎn",
      "tone": 3,
      "meaning": "censure",
      "story": "The words and dispatch bend down drooping - to censure, condemn and blame!",
      "primitives": []
    },
    {
      "id": 2677,
      "character": "囊",
      "pinyin": "náng",
      "tone": 2,
      "meaning": "sack",
      "story": "\"NAHNG?\" the top hat, purse, crown and pidgeon coop question curiously - is this a sack, a bag for perfume?",
      "primitives": []
    },
    {
      "id": 2678,
      "character": "潰",
      "pinyin": "kuì",
      "tone": 4,
      "meaning": "burst",
      "story": "\"KWAY!\" the water commands sharply - to burst, collapse and rupture!",
      "primitives": []
    },
    {
      "id": 2679,
      "character": "櫃",
      "pinyin": "guì",
      "tone": 4,
      "meaning": "cupboard",
      "story": "\"GWAY!\" the tree commands sharply - a cupboard, cabinet and closet!",
      "primitives": []
    },
    {
      "id": 2680,
      "character": "宜",
      "pinyin": "yí",
      "tone": 2,
      "meaning": "fitting",
      "story": "\"YEE?\" the house questions curiously - is it fitting, appropriate and suitable?",
      "primitives": []
    },
    {
      "id": 2681,
      "character": "誼",
      "pinyin": "yì",
      "tone": 4,
      "meaning": "friendship",
      "story": "\"YEE!\" the words and fitting command sharply - friendship, comradeship and gifts!",
      "primitives": []
    },
    {
      "id": 2682,
      "character": "租",
      "pinyin": "zū",
      "tone": 1,
      "meaning": "rent",
      "story": "\"DZOO!\" the grain sings cheerfully - to rent, lease and hire!",
      "primitives": []
    },
    {
      "id": 2683,
      "character": "粗",
      "pinyin": "cū",
      "tone": 1,
      "meaning": "coarse",
      "story": "\"TSOO!\" the rice sings cheerfully - coarse, rough and crude!",
      "primitives": []
    },
    {
      "id": 2684,
      "character": "阻",
      "pinyin": "zǔ",
      "tone": 3,
      "meaning": "block",
      "story": "Picture block taking form - it whispers \"Zǔ!\" with vivid energy!",
      "primitives": []
    },
    {
      "id": 2685,
      "character": "疊",
      "pinyin": "dié",
      "tone": 2,
      "meaning": "heap",
      "story": "\"DYEH?\" the think tank, crown and shelves question curiously - to heap, stack and fold clothes?",
      "primitives": []
    },
    {
      "id": 2686,
      "character": "壘",
      "pinyin": "lěi",
      "tone": 3,
      "meaning": "baseball base",
      "story": "The think tank and soil bend down drooping - a baseball base, fortress and mound!",
      "primitives": []
    },
    {
      "id": 2687,
      "character": "鋤",
      "pinyin": "chú",
      "tone": 2,
      "meaning": "hoe",
      "story": "\"CHOO?\" the metal questions curiously to assist - a hoe, to weed and root out evil?",
      "primitives": []
    }
  ]
}
