{
  "lesson": 3,
  "characterCount": 18,
  "characterList": "自白百皂中千舌升昇丸卜占上下卡卓朝嘲",
  "themes": ["numbers"],
  "characters": [
    {
      "id": 32,
      "character": "自",
      "pinyin": "zì",
      "tone": 4,
      "meaning": "oneself",
      "story": "A nose points to oneself, yelling \"Zi!\" sharply with pride!",
      "primitives": []
    },
    {
      "id": 33,
      "character": "白",
      "pinyin": "bái",
      "tone": 2,
      "meaning": "white",
      "story": "The white sun asks \"Bai? Why so bright?\" questioning curiously!",
      "primitives": []
    },
    {
      "id": 34,
      "character": "百",
      "pinyin": "bǎi",
      "tone": 3,
      "meaning": "hundred",
      "story": "The white sun shines over a single line - one hundred times, calling \"Bai\"!",
      "primitives": []
    },
    {
      "id": 35,
      "character": "皂",
      "pinyin": "zào",
      "tone": 4,
      "meaning": "Soap",
      "story": "The white stands for soap, shouting \"Zao!\" sharply - a vivid image to remember!",
      "primitives": []
    },
    {
      "id": 36,
      "character": "中",
      "pinyin": "zhōng",
      "tone": 1,
      "meaning": "Middle",
      "story": "An arrow pierces straight through the middle, striking \"Zhong!\" at the bull's-eye!",
      "primitives": []
    },
    {
      "id": 37,
      "character": "千",
      "pinyin": "qiān",
      "tone": 1,
      "meaning": "thousand",
      "story": "A thousand people sing \"Chian!\" cheerfully marching together!",
      "primitives": []
    },
    {
      "id": 38,
      "character": "舌",
      "pinyin": "shé",
      "tone": 2,
      "meaning": "Tongue",
      "story": "Your tongue in your mouth asks \"She? Why taste this?\" questioning!",
      "primitives": []
    },
    {
      "id": 39,
      "character": "升",
      "pinyin": "shēng",
      "tone": 1,
      "meaning": "Liter",
      "story": "A liter rises up cheerfully singing \"Sheng!\" to the top!",
      "primitives": []
    },
    {
      "id": 40,
      "character": "昇",
      "pinyin": "shēng",
      "tone": 1,
      "meaning": "to rise up",
      "story": "The sun rises high, happily singing \"Sheng!\" at dawn!",
      "primitives": []
    },
    {
      "id": 41,
      "character": "丸",
      "pinyin": "wán",
      "tone": 2,
      "meaning": "Pill",
      "story": "A round pill asks \"Wan? Why swallow me?\" questioning curiously!",
      "primitives": []
    },
    {
      "id": 42,
      "character": "卜",
      "pinyin": "bǔ",
      "tone": 3,
      "meaning": "Divination",
      "story": "See how the stick forms divination? It whispers \"Bu\" softly!",
      "primitives": []
    },
    {
      "id": 43,
      "character": "占",
      "pinyin": "zhàn",
      "tone": 4,
      "meaning": "to tell fortunes",
      "story": "Your mouth commands the divination sharply \"Zhan! Tell my fortune!\"",
      "primitives": []
    },
    {
      "id": 44,
      "character": "上",
      "pinyin": "shàng",
      "tone": 4,
      "meaning": "above",
      "story": "Above the line, an arrow yells \"Shang!\" pointing up sharply!",
      "primitives": []
    },
    {
      "id": 45,
      "character": "下",
      "pinyin": "xià",
      "tone": 4,
      "meaning": "below",
      "story": "Below the line, an arrow commands \"Xia!\" pointing down sharply!",
      "primitives": []
    },
    {
      "id": 46,
      "character": "卡",
      "pinyin": "kǎ",
      "tone": 3,
      "meaning": "Card",
      "story": "A card bends and dips between above and below saying \"Ka\"!",
      "primitives": []
    },
    {
      "id": 47,
      "character": "卓",
      "pinyin": "zhuó",
      "tone": 2,
      "meaning": "eminent",
      "story": "An eminent person stands above, questioning \"Zhuo? Am I tall enough?\" curiously!",
      "primitives": []
    },
    {
      "id": 48,
      "character": "朝",
      "pinyin": "cháo",
      "tone": 2,
      "meaning": "Dynasty",
      "story": "The dynasty sun and moon question \"Chao? Why our reign?\" curiously!",
      "primitives": []
    },
    {
      "id": 49,
      "character": "嘲",
      "pinyin": "cháo",
      "tone": 2,
      "meaning": "to ridicule",
      "story": "The mouth ridicules, questioning \"Chao? You call that a dynasty?\" mockingly!",
      "primitives": []
    }
  ]
}
