{
  "lesson": 111,
  "characterCount": 22,
  "characterList": "蜘蛛駱駝蜻蜓鳳凰橄欖玻璃咖啡葡萄吩咐乒乓崔曹",
  "themes": ["action"],
  "characters": [
    {
      "id": 2979,
      "character": "蜘",
      "pinyin": "zhī",
      "tone": 1,
      "meaning": "spider (front)",
      "story": "\"JIH!\" the insect sings cheerfully - the front part of the spider character.",
      "primitives": []
    },
    {
      "id": 2980,
      "character": "蛛",
      "pinyin": "zhū",
      "tone": 1,
      "meaning": "spider (back)",
      "story": "\"JOO!\" the insect sings cheerfully - the back part of the spider character.",
      "primitives": []
    },
    {
      "id": 2981,
      "character": "駱",
      "pinyin": "luò",
      "tone": 4,
      "meaning": "camel (front)",
      "story": "\"LWOH!\" each horse commands sharply - the front part of the camel character.",
      "primitives": []
    },
    {
      "id": 2982,
      "character": "駝",
      "pinyin": "tuó",
      "tone": 2,
      "meaning": "camel (back)",
      "story": "\"TWOH?\" it questions curiously like a horse - the back part of the camel character.",
      "primitives": []
    },
    {
      "id": 2983,
      "character": "蜻",
      "pinyin": "qīng",
      "tone": 1,
      "meaning": "dragonfly (front)",
      "story": "\"CHING!\" the blue insect sings cheerfully - the front part of the dragonfly character through a telescope.",
      "primitives": []
    },
    {
      "id": 2984,
      "character": "蜓",
      "pinyin": "tíng",
      "tone": 2,
      "meaning": "dragonfly (back)",
      "story": "\"TING?\" the insect questions curiously at the royal court - the back part of the dragonfly character.",
      "primitives": []
    },
    {
      "id": 2985,
      "character": "鳳",
      "pinyin": "fèng",
      "tone": 4,
      "meaning": "male phoenix",
      "story": "\"FUNG!\" the wind commands sharply as the male phoenix bird soars past the ceiling!",
      "primitives": []
    },
    {
      "id": 2986,
      "character": "凰",
      "pinyin": "huáng",
      "tone": 2,
      "meaning": "female phoenix",
      "story": "\"HWAHNG?\" the wind questions curiously about the female phoenix emperor.",
      "primitives": []
    },
    {
      "id": 2987,
      "character": "橄",
      "pinyin": "gǎn",
      "tone": 3,
      "meaning": "olive (A)",
      "story": "See how the tree forms olive (a)? It whispers \"Gǎn!\" softly!",
      "primitives": []
    },
    {
      "id": 2988,
      "character": "欖",
      "pinyin": "lǎn",
      "tone": 3,
      "meaning": "olive (B)",
      "story": "The tree and magnifying glass bend down drooping - the second part of the olive character.",
      "primitives": []
    },
    {
      "id": 2989,
      "character": "玻",
      "pinyin": "bō",
      "tone": 1,
      "meaning": "glass (front)",
      "story": "\"BWO!\" the jewel covering sings cheerfully - the front part of the glass character.",
      "primitives": []
    },
    {
      "id": 2990,
      "character": "璃",
      "pinyin": "lí",
      "tone": 2,
      "meaning": "glass (back)",
      "story": "\"LEE?\" the jewel questions curiously like Fagin - the back part of the glass character.",
      "primitives": []
    },
    {
      "id": 2991,
      "character": "咖",
      "pinyin": "kā",
      "tone": 1,
      "meaning": "coffee (first)",
      "story": "\"KAH!\" the mouth sings cheerfully - the first drop of the coffee character.",
      "primitives": []
    },
    {
      "id": 2992,
      "character": "啡",
      "pinyin": "fēi",
      "tone": 1,
      "meaning": "coffee (last)",
      "story": "\"FAY!\" the mouth sings cheerfully - the last drop of the coffee character.",
      "primitives": []
    },
    {
      "id": 2993,
      "character": "葡",
      "pinyin": "pú",
      "tone": 2,
      "meaning": "grapes (A)",
      "story": "\"POO?\" the flowers question curiously, bound up with dog tags - the first part of grapes.",
      "primitives": []
    },
    {
      "id": 2994,
      "character": "萄",
      "pinyin": "táo",
      "tone": 2,
      "meaning": "grapes (B)",
      "story": "\"TAO?\" the flowers and canteen question curiously - the second part of grapes.",
      "primitives": []
    },
    {
      "id": 2995,
      "character": "吩",
      "pinyin": "fēn",
      "tone": 1,
      "meaning": "in-(struct)",
      "story": "\"FEN!\" the mouth sings cheerfully - the first part of instruct.",
      "primitives": []
    },
    {
      "id": 2996,
      "character": "咐",
      "pinyin": "fù",
      "tone": 4,
      "meaning": "(in)-struct",
      "story": "\"FOO!\" the mouth commands sharply - I should have instructed you to stand by!",
      "primitives": []
    },
    {
      "id": 2997,
      "character": "乒",
      "pinyin": "pīng",
      "tone": 1,
      "meaning": "ping",
      "story": "\"PING!\" the left-legged troop sings cheerfully - ping in ping-pong!",
      "primitives": []
    },
    {
      "id": 2998,
      "character": "乓",
      "pinyin": "pāng",
      "tone": 1,
      "meaning": "pong",
      "story": "This character represents pong, singing \"PAHNG!\" cheerfully!",
      "primitives": []
    },
    {
      "id": 2999,
      "character": "崔",
      "pinyin": "cuī",
      "tone": 1,
      "meaning": "Cui",
      "story": "\"TSWAY!\" the pterodactyl sings cheerfully - the surname Cui!",
      "primitives": []
    },
    {
      "id": 3000,
      "character": "曹",
      "pinyin": "cáo",
      "tone": 2,
      "meaning": "Cao",
      "story": "A striking symbol for cao that asks \"TSAO?\" curiously - a vivid image to remember!",
      "primitives": []
    }
  ]
}
