{
  "lesson": 26,
  "characterCount": 57,
  "characterList": "人囚份佔傢你您什條值做但住位件仍他休信依例個健停倒仁優傷保堡付府俯代袋化花貨何便丈使久畝丙柄肉腐眾坐座檢臉來麥喝渴",
  "themes": ["family", "numbers", "action", "water", "time", "body", "fire"],
  "characters": [
    {
      "id": 736,
      "character": "人",
      "pinyin": "rén",
      "tone": 2,
      "meaning": "Person",
      "story": "See how the person forms person? It asks \"Ren? Who?\" curiously!",
      "primitives": []
    },
    {
      "id": 737,
      "character": "囚",
      "pinyin": "qiú",
      "tone": 2,
      "meaning": "Prisoner",
      "story": "A prisoner person trapped questions \"Chyo? Release?\" curiously!",
      "primitives": []
    },
    {
      "id": 738,
      "character": "份",
      "pinyin": "fèn",
      "tone": 4,
      "meaning": "Portion",
      "story": "The person stands for portion, shouting \"Fen!\" sharply - a vivid image to remember!",
      "primitives": []
    },
    {
      "id": 739,
      "character": "佔",
      "pinyin": "zhàn",
      "tone": 4,
      "meaning": "to occupy",
      "story": "Like a person, this character means to occupy and shouts \"Zhan!\"!",
      "primitives": []
    },
    {
      "id": 740,
      "character": "傢",
      "pinyin": "jiā",
      "tone": 1,
      "meaning": "Furniture",
      "story": "See how the person forms furniture? It sings \"Jia!\" cheerfully!",
      "primitives": []
    },
    {
      "id": 741,
      "character": "你",
      "pinyin": "nǐ",
      "tone": 3,
      "meaning": "you",
      "story": "The person stands for you, whispering \"Nee\" softly - a vivid image to remember!",
      "primitives": []
    },
    {
      "id": 742,
      "character": "您",
      "pinyin": "nín",
      "tone": 2,
      "meaning": "you (respectful)",
      "story": "\"Nin, sir?\" The heart of a person questioned respectfully - addressing you formally.",
      "primitives": []
    },
    {
      "id": 743,
      "character": "什",
      "pinyin": "shén",
      "tone": 2,
      "meaning": "what?",
      "story": "See how the person forms what?? It asks \"Shen? Which?\" curiously!",
      "primitives": []
    },
    {
      "id": 744,
      "character": "條",
      "pinyin": "tiáo",
      "tone": 2,
      "meaning": "a Strip",
      "story": "The person stands for a strip, asking \"Tiao? Thin piece?\" curiously!",
      "primitives": []
    },
    {
      "id": 745,
      "character": "值",
      "pinyin": "zhí",
      "tone": 2,
      "meaning": "Value",
      "story": "See how the person forms value? It asks \"Zhi? Worth?\" curiously!",
      "primitives": []
    },
    {
      "id": 746,
      "character": "做",
      "pinyin": "zuò",
      "tone": 4,
      "meaning": "to make",
      "story": "\"Zwoh!\" The ancient person commanded sharply to make things.",
      "primitives": []
    },
    {
      "id": 747,
      "character": "但",
      "pinyin": "dàn",
      "tone": 4,
      "meaning": "however",
      "story": "The person takes the shape of however, shouting \"Dan!\" sharply!",
      "primitives": []
    },
    {
      "id": 748,
      "character": "住",
      "pinyin": "zhù",
      "tone": 4,
      "meaning": "to dwell",
      "story": "\"Zhoo!\" The master person commanded sharply where to dwell.",
      "primitives": []
    },
    {
      "id": 749,
      "character": "位",
      "pinyin": "wèi",
      "tone": 4,
      "meaning": "Position",
      "story": "See how the person forms position? It shouts \"Way!\" sharply!",
      "primitives": []
    },
    {
      "id": 750,
      "character": "件",
      "pinyin": "jiàn",
      "tone": 4,
      "meaning": "Piece",
      "story": "The person takes the shape of piece, shouting \"Jian!\" sharply!",
      "primitives": []
    },
    {
      "id": 751,
      "character": "仍",
      "pinyin": "réng",
      "tone": 2,
      "meaning": "still",
      "story": "The person stands for still, asking \"Reng? Yet?\" curiously - a vivid image to remember!",
      "primitives": []
    },
    {
      "id": 752,
      "character": "他",
      "pinyin": "tā",
      "tone": 1,
      "meaning": "he",
      "story": "The person takes the shape of he, singing \"Ta!\" cheerfully - a vivid image to remember!",
      "primitives": []
    },
    {
      "id": 753,
      "character": "休",
      "pinyin": "xiū",
      "tone": 1,
      "meaning": "to rest",
      "story": "\"Shyo!\" The person by the tree sang cheerfully - time to rest!",
      "primitives": []
    },
    {
      "id": 754,
      "character": "信",
      "pinyin": "xìn",
      "tone": 4,
      "meaning": "Faith",
      "story": "See how the person forms faith? It shouts \"Shin!\" sharply - a vivid image to remember!",
      "primitives": []
    },
    {
      "id": 755,
      "character": "依",
      "pinyin": "yī",
      "tone": 1,
      "meaning": "to depend on",
      "story": "Like a person, this character means to depend on and sings \"Yi!\"!",
      "primitives": []
    },
    {
      "id": 756,
      "character": "例",
      "pinyin": "lì",
      "tone": 4,
      "meaning": "Example",
      "story": "Like a person, this character means example and shouts \"Lee!\"!",
      "primitives": []
    },
    {
      "id": 757,
      "character": "個",
      "pinyin": "gè",
      "tone": 4,
      "meaning": "individual",
      "story": "See how the person forms individual? It shouts \"Guh!\" sharply!",
      "primitives": []
    },
    {
      "id": 758,
      "character": "健",
      "pinyin": "jiàn",
      "tone": 4,
      "meaning": "healthy",
      "story": "Like a person, this character means healthy and shouts \"Jian!\"!",
      "primitives": []
    },
    {
      "id": 759,
      "character": "停",
      "pinyin": "tíng",
      "tone": 2,
      "meaning": "to halt",
      "story": "\"Ting, should we stop?\" The person at the pavilion questioned whether to halt.",
      "primitives": []
    },
    {
      "id": 760,
      "character": "倒",
      "pinyin": "dǎo",
      "tone": 3,
      "meaning": "upside down",
      "story": "The person takes the shape of upside down, whispering \"Dao\" softly!",
      "primitives": []
    },
    {
      "id": 761,
      "character": "仁",
      "pinyin": "rén",
      "tone": 2,
      "meaning": "Benevolence",
      "story": "The person takes the shape of benevolence, asking \"Ren? Kind?\" curiously!",
      "primitives": []
    },
    {
      "id": 762,
      "character": "優",
      "pinyin": "yōu",
      "tone": 1,
      "meaning": "excellent",
      "story": "Like a person, this character means excellent and sings \"Yo!\"!",
      "primitives": []
    },
    {
      "id": 763,
      "character": "傷",
      "pinyin": "shāng",
      "tone": 1,
      "meaning": "a Wound",
      "story": "Like a person, this character means a wound and sings \"Shang!\"!",
      "primitives": []
    },
    {
      "id": 764,
      "character": "保",
      "pinyin": "bǎo",
      "tone": 3,
      "meaning": "to safeguard",
      "story": "Like a person, this character means to safeguard and whispers \"Bao\"!",
      "primitives": []
    },
    {
      "id": 765,
      "character": "堡",
      "pinyin": "bǎo",
      "tone": 3,
      "meaning": "Fort",
      "story": "See how the earth forms fort? It whispers \"Bao\" softly - a vivid image to remember!",
      "primitives": []
    },
    {
      "id": 766,
      "character": "付",
      "pinyin": "fù",
      "tone": 4,
      "meaning": "to pay",
      "story": "\"Foo!\" The person's hand commanded sharply - time to pay.",
      "primitives": []
    },
    {
      "id": 767,
      "character": "府",
      "pinyin": "fǔ",
      "tone": 3,
      "meaning": "Government Office",
      "story": "A striking symbol for government office that whispers \"Foo\" softly!",
      "primitives": []
    },
    {
      "id": 768,
      "character": "俯",
      "pinyin": "fǔ",
      "tone": 3,
      "meaning": "to bow one's head",
      "story": "See how the person forms to bow one's head? It whispers \"Foo\" softly!",
      "primitives": []
    },
    {
      "id": 769,
      "character": "代",
      "pinyin": "dài",
      "tone": 4,
      "meaning": "to substitute for",
      "story": "\"Dai!\" A person with a weapon commanded sharply to substitute one for another.",
      "primitives": []
    },
    {
      "id": 770,
      "character": "袋",
      "pinyin": "dài",
      "tone": 4,
      "meaning": "Bag",
      "story": "A bag clothes substitute yells \"Dai!\" sharply holding!",
      "primitives": []
    },
    {
      "id": 771,
      "character": "化",
      "pinyin": "huà",
      "tone": 4,
      "meaning": "to transform",
      "story": "\"Hwa!\" The person changed form sharply, beginning to transform.",
      "primitives": []
    },
    {
      "id": 772,
      "character": "花",
      "pinyin": "huā",
      "tone": 1,
      "meaning": "Flower",
      "story": "The grass takes the shape of flower, singing \"Hwa!\" cheerfully!",
      "primitives": []
    },
    {
      "id": 773,
      "character": "貨",
      "pinyin": "huò",
      "tone": 4,
      "meaning": "Commodities",
      "story": "Like a shellfish, this character means commodities and shouts \"Hwoh!\"!",
      "primitives": []
    },
    {
      "id": 774,
      "character": "何",
      "pinyin": "hé",
      "tone": 2,
      "meaning": "what/which/who/where/why?",
      "story": "The mouth and person unite to create what/which/who/where/why?, asking \"Huh? Who where?\" curiously!",
      "primitives": []
    },
    {
      "id": 775,
      "character": "便",
      "pinyin": "biàn",
      "tone": 4,
      "meaning": "convenient",
      "story": "See how the person forms convenient? It shouts \"Bian!\" sharply!",
      "primitives": []
    },
    {
      "id": 776,
      "character": "丈",
      "pinyin": "zhàng",
      "tone": 4,
      "meaning": "100 Chinese Inches",
      "story": "A striking symbol for 100 chinese inches that shouts \"Zhang!\" sharply!",
      "primitives": []
    },
    {
      "id": 777,
      "character": "使",
      "pinyin": "shǐ",
      "tone": 3,
      "meaning": "to use",
      "story": "The person stands for to use, whispering \"Shi\" softly - a vivid image to remember!",
      "primitives": []
    },
    {
      "id": 778,
      "character": "久",
      "pinyin": "jiǔ",
      "tone": 3,
      "meaning": "long time",
      "story": "The person takes the shape of long time, whispering \"Jyo\" softly!",
      "primitives": []
    },
    {
      "id": 779,
      "character": "畝",
      "pinyin": "mǔ",
      "tone": 3,
      "meaning": "Chinese Acre",
      "story": "Like a field, this character means chinese acre and whispers \"Moo\"!",
      "primitives": []
    },
    {
      "id": 780,
      "character": "丙",
      "pinyin": "bǐng",
      "tone": 3,
      "meaning": "third",
      "story": "A striking symbol for third that whispers \"Bing\" softly - a vivid image to remember!",
      "primitives": []
    },
    {
      "id": 781,
      "character": "柄",
      "pinyin": "bǐng",
      "tone": 3,
      "meaning": "a Handle",
      "story": "The tree takes the shape of a handle, whispering \"Bing\" softly!",
      "primitives": []
    },
    {
      "id": 782,
      "character": "肉",
      "pinyin": "ròu",
      "tone": 4,
      "meaning": "Meat",
      "story": "With a person combined with a meat, you get meat - \"Ro!\" rings out sharply!",
      "primitives": []
    },
    {
      "id": 783,
      "character": "腐",
      "pinyin": "fǔ",
      "tone": 3,
      "meaning": "rotten",
      "story": "Like a meat, this character means rotten and whispers \"Foo\"!",
      "primitives": []
    },
    {
      "id": 784,
      "character": "眾",
      "pinyin": "zhòng",
      "tone": 4,
      "meaning": "Multitude",
      "story": "See how the people forms multitude? It shouts \"Zhong!\" sharply!",
      "primitives": []
    },
    {
      "id": 785,
      "character": "坐",
      "pinyin": "zuò",
      "tone": 4,
      "meaning": "to sit",
      "story": "Picture earth beside a people: that's to sit, shouting \"Zwoh!\" sharply!",
      "primitives": []
    },
    {
      "id": 786,
      "character": "座",
      "pinyin": "zuò",
      "tone": 4,
      "meaning": "Seat",
      "story": "A seat building sit yells \"Zwoh!\" sharply positioned!",
      "primitives": []
    },
    {
      "id": 787,
      "character": "檢",
      "pinyin": "jiǎn",
      "tone": 3,
      "meaning": "to examine",
      "story": "The tree takes the shape of to examine, whispering \"Jian\" softly!",
      "primitives": []
    },
    {
      "id": 788,
      "character": "臉",
      "pinyin": "liǎn",
      "tone": 3,
      "meaning": "a Face",
      "story": "The strokes unite to show a face, whispering \"Lian\" softly - a vivid image to remember!",
      "primitives": []
    },
    {
      "id": 789,
      "character": "來",
      "pinyin": "lái",
      "tone": 2,
      "meaning": "to come",
      "story": "The strokes unite to show to come, asking \"Lai? Arriving?\" curiously!",
      "primitives": []
    },
    {
      "id": 790,
      "character": "麥",
      "pinyin": "mài",
      "tone": 4,
      "meaning": "Wheat",
      "story": "A striking symbol for wheat that shouts \"Mai!\" sharply - a vivid image to remember!",
      "primitives": []
    },
    {
      "id": 791,
      "character": "喝",
      "pinyin": "hē",
      "tone": 1,
      "meaning": "to drink",
      "story": "\"Huh!\" The mouth consumed wheat cheerfully, drinking it down.",
      "primitives": []
    },
    {
      "id": 792,
      "character": "渴",
      "pinyin": "kě",
      "tone": 3,
      "meaning": "thirsty",
      "story": "Like water, this character means thirsty and whispers \"Kuh\"!",
      "primitives": []
    }
  ]
}
