{
  "lesson": 58,
  "characterCount": 3,
  "characterList": "咕咱串",
  "themes": [],
  "characters": [
    {
      "id": 1503,
      "character": "咕",
      "pinyin": "gū",
      "tone": 1,
      "meaning": "mutter",
      "story": "See how the mouth forms mutter? It sings \"Goo!\" cheerfully spoken through parted lips!",
      "primitives": []
    },
    {
      "id": 1504,
      "character": "咱",
      "pinyin": "zán",
      "tone": 2,
      "meaning": "we (inclusive)",
      "story": "\"Dzahn, are we together?\" The mouth questioned ownership curiously - we inclusive, us all!",
      "primitives": []
    },
    {
      "id": 1505,
      "character": "串",
      "pinyin": "chuàn",
      "tone": 4,
      "meaning": "string together",
      "story": "The skewers stand for string together, shouting \"Chwahn!\" sharply!",
      "primitives": []
    }
  ]
}
