{
  "lesson": 43,
  "characterCount": 15,
  "characterList": "衝病痛瘋匹區樞歐醫仰迎登燈證發",
  "themes": [],
  "characters": [
    {
      "id": 1247,
      "character": "衝",
      "pinyin": "chōng",
      "tone": 1,
      "meaning": "to collide",
      "story": "\"Chohng!\" Marching with heavy load, they sang cheerfully - colliding, dashing, rushing to charge!",
      "primitives": []
    },
    {
      "id": 1248,
      "character": "病",
      "pinyin": "bìng",
      "tone": 4,
      "meaning": "Illness",
      "story": "The strokes unite to show illness, shouting \"Bing!\" sharply!",
      "primitives": []
    },
    {
      "id": 1249,
      "character": "痛",
      "pinyin": "tòng",
      "tone": 4,
      "meaning": "to ache",
      "story": "\"Tohng!\" Sickness used its power sharply - to ache with pain and sorrow!",
      "primitives": []
    },
    {
      "id": 1250,
      "character": "瘋",
      "pinyin": "fēng",
      "tone": 1,
      "meaning": "insane",
      "story": "The strokes unite to show insane, singing \"Fung!\" cheerfully!",
      "primitives": []
    },
    {
      "id": 1251,
      "character": "匹",
      "pinyin": "pī",
      "tone": 1,
      "meaning": "to match",
      "story": "\"Pee!\" Box and legs sang cheerfully to match - one of a pair, equal!",
      "primitives": []
    },
    {
      "id": 1252,
      "character": "區",
      "pinyin": "qū",
      "tone": 1,
      "meaning": "Region",
      "story": "See how the box forms region? It sings \"Chyoo!\" cheerfully - a vivid image to remember!",
      "primitives": []
    },
    {
      "id": 1253,
      "character": "樞",
      "pinyin": "shū",
      "tone": 1,
      "meaning": "Hub",
      "story": "The tree takes the shape of hub, singing \"Shoo!\" cheerfully!",
      "primitives": []
    },
    {
      "id": 1254,
      "character": "歐",
      "pinyin": "ōu",
      "tone": 1,
      "meaning": "Europe",
      "story": "An striking symbol for europe that sings \"Oh!\" cheerfully - a vivid image to remember!",
      "primitives": []
    },
    {
      "id": 1255,
      "character": "醫",
      "pinyin": "yī",
      "tone": 1,
      "meaning": "Physician",
      "story": "Picture physician taking form - it sings \"Yee!\" with vivid energy!",
      "primitives": []
    },
    {
      "id": 1256,
      "character": "仰",
      "pinyin": "yǎng",
      "tone": 3,
      "meaning": "to look up to",
      "story": "The person takes the shape of to look up to, whispering \"Yahng\" softly!",
      "primitives": []
    },
    {
      "id": 1257,
      "character": "迎",
      "pinyin": "yíng",
      "tone": 2,
      "meaning": "to greet",
      "story": "This character represents to greet, asking \"Ying, welcome?\" curiously!",
      "primitives": []
    },
    {
      "id": 1258,
      "character": "登",
      "pinyin": "dēng",
      "tone": 1,
      "meaning": "to ascend",
      "story": "\"Dung!\" Ceremony beans sang cheerfully to ascend - scaling, climbing and mounting!",
      "primitives": []
    },
    {
      "id": 1259,
      "character": "燈",
      "pinyin": "dēng",
      "tone": 1,
      "meaning": "Lamp",
      "story": "See how the fire forms lamp? It sings \"Dung!\" cheerfully with flickering flames dancing high!",
      "primitives": []
    },
    {
      "id": 1260,
      "character": "證",
      "pinyin": "zhèng",
      "tone": 4,
      "meaning": "Evidence",
      "story": "An striking symbol for evidence that shouts \"Jung!\" sharply!",
      "primitives": []
    },
    {
      "id": 1261,
      "character": "發",
      "pinyin": "fā",
      "tone": 1,
      "meaning": "to send out",
      "story": "This character represents to send out, singing \"Fah!\" cheerfully!",
      "primitives": []
    }
  ]
}
