{
  "lesson": 55,
  "characterCount": 55,
  "characterList": "襲兒舊寫瀉兩倆滿爾彌虛聯關那哪巫靈縣懸與舉腦惱專傳轉團黃廣橫窗總詹擔數樓獨屬爛蘭從縱齊濟丑扭卑牌號怪赤亦極雜曰",
  "themes": ["numbers", "family"],
  "characters": [
    {
      "id": 1446,
      "character": "襲",
      "pinyin": "xí",
      "tone": 2,
      "meaning": "to raid",
      "story": "This character represents to raid, asking \"Shee, should we attack?\" curiously!",
      "primitives": []
    },
    {
      "id": 1447,
      "character": "兒",
      "pinyin": "ér",
      "tone": 2,
      "meaning": "Youngster",
      "story": "The strokes unite to show youngster, asking \"Urr? Son?\" curiously!",
      "primitives": []
    },
    {
      "id": 1448,
      "character": "舊",
      "pinyin": "jiù",
      "tone": 4,
      "meaning": "old",
      "story": "The strokes unite to show old, shouting \"Jyo!\" sharply - a vivid image to remember!",
      "primitives": []
    },
    {
      "id": 1449,
      "character": "寫",
      "pinyin": "xiě",
      "tone": 3,
      "meaning": "to write",
      "story": "A striking symbol for to write that whispers \"Shyeh\" softly!",
      "primitives": []
    },
    {
      "id": 1450,
      "character": "瀉",
      "pinyin": "xiè",
      "tone": 4,
      "meaning": "Diarrhea",
      "story": "See how the water forms diarrhea? It shouts \"Shyeh!\" sharply!",
      "primitives": []
    },
    {
      "id": 1451,
      "character": "兩",
      "pinyin": "liǎng",
      "tone": 3,
      "meaning": "dos",
      "story": "A striking symbol for dos that whispers \"Lyahng\" softly - a vivid image to remember!",
      "primitives": []
    },
    {
      "id": 1452,
      "character": "倆",
      "pinyin": "liǎ",
      "tone": 3,
      "meaning": "Duo",
      "story": "The person stands for duo, whispering \"Lyah\" softly - a vivid image to remember!",
      "primitives": []
    },
    {
      "id": 1453,
      "character": "滿",
      "pinyin": "mǎn",
      "tone": 3,
      "meaning": "full",
      "story": "The water stands for full, whispering \"Mahn\" softly like ripples spreading across a pond!",
      "primitives": []
    },
    {
      "id": 1454,
      "character": "爾",
      "pinyin": "ěr",
      "tone": 3,
      "meaning": "you  [literary]",
      "story": "The strokes unite to show you [literary], whispering \"Urr\" softly!",
      "primitives": []
    },
    {
      "id": 1455,
      "character": "彌",
      "pinyin": "mí",
      "tone": 2,
      "meaning": "to fill",
      "story": "\"Mee, is it full?\" The bow questioned filling you curiously - more and more!",
      "primitives": []
    },
    {
      "id": 1456,
      "character": "虛",
      "pinyin": "xū",
      "tone": 1,
      "meaning": "false",
      "story": "This character represents false, singing \"Shyoo!\" cheerfully!",
      "primitives": []
    },
    {
      "id": 1457,
      "character": "聯",
      "pinyin": "lián",
      "tone": 2,
      "meaning": "to unite",
      "story": "\"Lyan, should we join?\" The ear questioned connection curiously - to unite as allies strung together!",
      "primitives": []
    },
    {
      "id": 1458,
      "character": "關",
      "pinyin": "guān",
      "tone": 1,
      "meaning": "to shut",
      "story": "\"Gwahn!\" The gate united cheerfully - time to shut, close, turn off the connection!",
      "primitives": []
    },
    {
      "id": 1459,
      "character": "那",
      "pinyin": "nà",
      "tone": 4,
      "meaning": "that",
      "story": "This character represents that, shouting \"Nah!\" sharply - a vivid image to remember!",
      "primitives": []
    },
    {
      "id": 1460,
      "character": "哪",
      "pinyin": "nǎ",
      "tone": 3,
      "meaning": "which?",
      "story": "Like a mouth, this character means which? and whispers \"Nah\"!",
      "primitives": []
    },
    {
      "id": 1461,
      "character": "巫",
      "pinyin": "wū",
      "tone": 1,
      "meaning": "Witch",
      "story": "See how the person forms witch? It sings \"Woo!\" cheerfully - a vivid image to remember!",
      "primitives": []
    },
    {
      "id": 1462,
      "character": "靈",
      "pinyin": "líng",
      "tone": 2,
      "meaning": "Spirit",
      "story": "The rain stands for spirit, asking \"Ling? Soul?\" curiously - a vivid image to remember!",
      "primitives": []
    },
    {
      "id": 1463,
      "character": "縣",
      "pinyin": "xiàn",
      "tone": 4,
      "meaning": "County",
      "story": "When the thread meets the eye, they form county, shouting \"Shyan!\" sharply!",
      "primitives": []
    },
    {
      "id": 1464,
      "character": "懸",
      "pinyin": "xuán",
      "tone": 2,
      "meaning": "to suspend",
      "story": "The heart stands for to suspend, asking \"Shyuan, is it hanging?\" curiously!",
      "primitives": []
    },
    {
      "id": 1465,
      "character": "與",
      "pinyin": "yǔ",
      "tone": 3,
      "meaning": "to offer",
      "story": "A striking symbol for to offer that whispers \"Yoo\" softly - a vivid image to remember!",
      "primitives": []
    },
    {
      "id": 1466,
      "character": "舉",
      "pinyin": "jǔ",
      "tone": 3,
      "meaning": "to lift up",
      "story": "This character represents to lift up, whispering \"Jyoo\" softly!",
      "primitives": []
    },
    {
      "id": 1467,
      "character": "腦",
      "pinyin": "nǎo",
      "tone": 3,
      "meaning": "Brain",
      "story": "The body takes the shape of brain, whispering \"Nao\" softly - a vivid image to remember!",
      "primitives": []
    },
    {
      "id": 1468,
      "character": "惱",
      "pinyin": "nǎo",
      "tone": 3,
      "meaning": "Annoyed",
      "story": "Like a heart, this character means annoyed and whispers \"Nao\"!",
      "primitives": []
    },
    {
      "id": 1469,
      "character": "專",
      "pinyin": "zhuān",
      "tone": 1,
      "meaning": "Specialty",
      "story": "A striking symbol for specialty that sings \"Jwahn!\" cheerfully!",
      "primitives": []
    },
    {
      "id": 1470,
      "character": "傳",
      "pinyin": "chuán",
      "tone": 2,
      "meaning": "to spread",
      "story": "\"Chwahn, will it infect?\" The person's specialty questioned spreading curiously - transmit and conduct!",
      "primitives": []
    },
    {
      "id": 1471,
      "character": "轉",
      "pinyin": "zhuàn",
      "tone": 4,
      "meaning": "to rotate",
      "story": "\"Jwahn!\" The car with specialty commanded sharply to rotate - revolve, turn in a circle!",
      "primitives": []
    },
    {
      "id": 1472,
      "character": "團",
      "pinyin": "tuán",
      "tone": 2,
      "meaning": "Troupe",
      "story": "This character represents troupe, asking \"Twahn? Regiment?\" curiously!",
      "primitives": []
    },
    {
      "id": 1473,
      "character": "黃",
      "pinyin": "huáng",
      "tone": 2,
      "meaning": "yellow",
      "story": "Picture yellow taking form - it shouts \"Hwahng? Golden?\" with vivid energy!",
      "primitives": []
    },
    {
      "id": 1474,
      "character": "廣",
      "pinyin": "guǎng",
      "tone": 3,
      "meaning": "extensive",
      "story": "Picture extensive taking form - it shouts \"Gwahng\" with vivid energy!",
      "primitives": []
    },
    {
      "id": 1475,
      "character": "橫",
      "pinyin": "hèng",
      "tone": 4,
      "meaning": "horizontal",
      "story": "The tree takes the shape of horizontal, shouting \"Hung!\" sharply!",
      "primitives": []
    },
    {
      "id": 1476,
      "character": "窗",
      "pinyin": "chuāng",
      "tone": 1,
      "meaning": "Window",
      "story": "The window stands for window, singing \"Chwahng!\" cheerfully!",
      "primitives": []
    },
    {
      "id": 1477,
      "character": "總",
      "pinyin": "zǒng",
      "tone": 3,
      "meaning": "general",
      "story": "The thread stands for general, whispering \"Dzohng\" softly - a vivid image to remember!",
      "primitives": []
    },
    {
      "id": 1478,
      "character": "詹",
      "pinyin": "zhān",
      "tone": 1,
      "meaning": "verbose",
      "story": "Picture verbose taking form - it sings \"Jahn!\" with vivid energy!",
      "primitives": []
    },
    {
      "id": 1479,
      "character": "擔",
      "pinyin": "dàn",
      "tone": 4,
      "meaning": "to assume",
      "story": "\"Dahn!\" The verbose hand commanded sharply to assume - carry, bear, undertake shouldering!",
      "primitives": []
    },
    {
      "id": 1480,
      "character": "數",
      "pinyin": "shù",
      "tone": 4,
      "meaning": "Number",
      "story": "The strokes unite to show number, shouting \"Shoo!\" sharply - a vivid image to remember!",
      "primitives": []
    },
    {
      "id": 1481,
      "character": "樓",
      "pinyin": "lóu",
      "tone": 2,
      "meaning": "Multistory Building",
      "story": "\"Loh, how many floors?\" The tree questioned numbers curiously - a multistory building, a watchtower!",
      "primitives": []
    },
    {
      "id": 1482,
      "character": "獨",
      "pinyin": "dú",
      "tone": 2,
      "meaning": "alone",
      "story": "The strokes unite to show alone, singing \"Doo? Single?\" cheerfully!",
      "primitives": []
    },
    {
      "id": 1483,
      "character": "屬",
      "pinyin": "shǔ",
      "tone": 3,
      "meaning": "to belong to",
      "story": "The body takes the shape of to belong to, whispering \"Shoo\" softly!",
      "primitives": []
    },
    {
      "id": 1484,
      "character": "爛",
      "pinyin": "làn",
      "tone": 4,
      "meaning": "spoiled",
      "story": "The fire stands for spoiled, shouting \"Lahn!\" sharply with flickering flames dancing high!",
      "primitives": []
    },
    {
      "id": 1485,
      "character": "蘭",
      "pinyin": "lán",
      "tone": 2,
      "meaning": "Orchid",
      "story": "This character represents orchid, asking \"Lahn? Elegant?\" curiously!",
      "primitives": []
    },
    {
      "id": 1486,
      "character": "從",
      "pinyin": "cóng",
      "tone": 2,
      "meaning": "to follow",
      "story": "\"Tsohng, should we obey?\" Person questioned person curiously - time to follow and accompany!",
      "primitives": []
    },
    {
      "id": 1487,
      "character": "縱",
      "pinyin": "zòng",
      "tone": 4,
      "meaning": "vertical",
      "story": "See how the thread forms vertical? It shouts \"Dzohng!\" sharply!",
      "primitives": []
    },
    {
      "id": 1488,
      "character": "齊",
      "pinyin": "qí",
      "tone": 2,
      "meaning": "identical",
      "story": "An striking symbol for identical that asks \"Chee? Equal?\" curiously!",
      "primitives": []
    },
    {
      "id": 1489,
      "character": "濟",
      "pinyin": "jì",
      "tone": 4,
      "meaning": "to relieve",
      "story": "\"Jee!\" Identical water commanded sharply to relieve - help, aid and finish!",
      "primitives": []
    },
    {
      "id": 1490,
      "character": "丑",
      "pinyin": "chǒu",
      "tone": 3,
      "meaning": "Clown",
      "story": "Picture clown taking form - it whispers \"Choh\" with vivid energy!",
      "primitives": []
    },
    {
      "id": 1491,
      "character": "扭",
      "pinyin": "niǔ",
      "tone": 3,
      "meaning": "to twist",
      "story": "Like a hand, this character means to twist and whispers \"Nyoh\"!",
      "primitives": []
    },
    {
      "id": 1492,
      "character": "卑",
      "pinyin": "bēi",
      "tone": 1,
      "meaning": "lowly",
      "story": "A striking symbol for lowly that sings \"Bay!\" cheerfully - a vivid image to remember!",
      "primitives": []
    },
    {
      "id": 1493,
      "character": "牌",
      "pinyin": "pái",
      "tone": 2,
      "meaning": "a Brand",
      "story": "The strokes unite to show a brand, asking \"Pigh? Signboard?\" curiously!",
      "primitives": []
    },
    {
      "id": 1494,
      "character": "號",
      "pinyin": "hào",
      "tone": 4,
      "meaning": "Appellation",
      "story": "See how the mouth forms appellation? It shouts \"Hao!\" sharply!",
      "primitives": []
    },
    {
      "id": 1495,
      "character": "怪",
      "pinyin": "guài",
      "tone": 4,
      "meaning": "peculiar",
      "story": "The heart stands for peculiar, shouting \"Gwigh!\" sharply - a vivid image to remember!",
      "primitives": []
    },
    {
      "id": 1496,
      "character": "赤",
      "pinyin": "chì",
      "tone": 4,
      "meaning": "crimson",
      "story": "Like fire, this character means crimson and shouts \"Chir!\"!",
      "primitives": []
    },
    {
      "id": 1497,
      "character": "亦",
      "pinyin": "yì",
      "tone": 4,
      "meaning": "likewise",
      "story": "This character represents likewise, shouting \"Yee!\" sharply!",
      "primitives": []
    },
    {
      "id": 1498,
      "character": "極",
      "pinyin": "jí",
      "tone": 2,
      "meaning": "Extreme",
      "story": "Like a tree, this character means extreme and asks \"Jee? Utmost?\"!",
      "primitives": []
    },
    {
      "id": 1499,
      "character": "雜",
      "pinyin": "zá",
      "tone": 2,
      "meaning": "miscellaneous",
      "story": "This character represents miscellaneous, asking \"Dzah? Mixed?\" curiously!",
      "primitives": []
    },
    {
      "id": 1500,
      "character": "曰",
      "pinyin": "yuē",
      "tone": 1,
      "meaning": "sayeth",
      "story": "The mouth stands for sayeth, singing \"Yueh!\" cheerfully spoken through parted lips!",
      "primitives": []
    }
  ]
}
