{
  "lesson": 68,
  "characterCount": 12,
  "characterList": "鑽迫逼逃逞轟軌軋輻煎喻榆",
  "themes": ["numbers"],
  "characters": [
    {
      "id": 1592,
      "character": "鑽",
      "pinyin": "zuān",
      "tone": 1,
      "meaning": "drill",
      "story": "See how the metal forms drill? It sings \"Dzwahn!\" cheerfully!",
      "primitives": []
    },
    {
      "id": 1593,
      "character": "迫",
      "pinyin": "pò",
      "tone": 4,
      "meaning": "compel",
      "story": "The white takes the shape of compel, shouting \"Pwoh!\" sharply!",
      "primitives": []
    },
    {
      "id": 1594,
      "character": "逼",
      "pinyin": "bī",
      "tone": 1,
      "meaning": "press",
      "story": "Picture press taking form - it sings \"Bee!\" with vivid energy!",
      "primitives": []
    },
    {
      "id": 1595,
      "character": "逃",
      "pinyin": "táo",
      "tone": 2,
      "meaning": "escape",
      "story": "An striking symbol for escape that asks \"Tao? Flee?\" curiously!",
      "primitives": []
    },
    {
      "id": 1596,
      "character": "逞",
      "pinyin": "chěng",
      "tone": 3,
      "meaning": "flaunt",
      "story": "The strokes unite to show flaunt, whispering \"Chung\" softly!",
      "primitives": []
    },
    {
      "id": 1597,
      "character": "轟",
      "pinyin": "hōng",
      "tone": 1,
      "meaning": "rumble",
      "story": "The strokes unite to show rumble, singing \"Hohng!\" cheerfully!",
      "primitives": []
    },
    {
      "id": 1598,
      "character": "軌",
      "pinyin": "guǐ",
      "tone": 3,
      "meaning": "rails",
      "story": "The strokes unite to show rails, whispering \"Gway\" softly - a vivid image to remember!",
      "primitives": []
    },
    {
      "id": 1599,
      "character": "軋",
      "pinyin": "yà",
      "tone": 4,
      "meaning": "flatten",
      "story": "Picture flatten taking form - it shouts \"Yah!\" with vivid energy!",
      "primitives": []
    },
    {
      "id": 1600,
      "character": "輻",
      "pinyin": "fú",
      "tone": 2,
      "meaning": "spokes",
      "story": "This character represents spokes, asking \"Foo? Radiating?\" curiously!",
      "primitives": []
    },
    {
      "id": 1601,
      "character": "煎",
      "pinyin": "jiān",
      "tone": 1,
      "meaning": "sauté",
      "story": "See how the fire forms sauté? It sings \"Jyan!\" cheerfully with flickering flames dancing high!",
      "primitives": []
    },
    {
      "id": 1602,
      "character": "喻",
      "pinyin": "yù",
      "tone": 4,
      "meaning": "figure of speech",
      "story": "Like a mouth, this character means figure of speech and shouts \"Yoo!\"!",
      "primitives": []
    },
    {
      "id": 1603,
      "character": "榆",
      "pinyin": "yú",
      "tone": 2,
      "meaning": "elm",
      "story": "The tree takes the shape of elm, asking \"Yoo? Timber?\" curiously!",
      "primitives": []
    }
  ]
}
