{
  "lesson": 94,
  "characterCount": 32,
  "characterList": "寨憲晴猜靖債蹟牲隆腥猩醒瞎轄契拜潔蜂峰鋒逢蓬縫奏湊秦蠢捧嘆艱灘畢",
  "themes": ["body"],
  "characters": [
    {
      "id": 2505,
      "character": "寨",
      "pinyin": "zhài",
      "tone": 4,
      "meaning": "stockade",
      "story": "\"JAI!\" the hamster cage and tree command sharply - fortifying the stockade, village and fort!",
      "primitives": []
    },
    {
      "id": 2506,
      "character": "憲",
      "pinyin": "xiàn",
      "tone": 4,
      "meaning": "constitution",
      "story": "\"SHYEN!\" the house, eyes, heart command sharply - the constitution, the law and principles!",
      "primitives": []
    },
    {
      "id": 2507,
      "character": "晴",
      "pinyin": "qíng",
      "tone": 2,
      "meaning": "sunny",
      "story": "\"Ching?\" the sun questions curiously - is it sunny, clear and bright?",
      "primitives": []
    },
    {
      "id": 2508,
      "character": "猜",
      "pinyin": "cāi",
      "tone": 1,
      "meaning": "guess",
      "story": "\"TSAI!\" the pack of wild dogs sings cheerfully - to guess, suppose and suspect!",
      "primitives": []
    },
    {
      "id": 2509,
      "character": "靖",
      "pinyin": "jìng",
      "tone": 4,
      "meaning": "pacify",
      "story": "\"JING!\" the vase telescope commands sharply - to pacify, calm and suppress!",
      "primitives": []
    },
    {
      "id": 2510,
      "character": "債",
      "pinyin": "zhài",
      "tone": 4,
      "meaning": "debt",
      "story": "\"JAI!\" the person and responsibility command sharply - must repay the debt and what we owe!",
      "primitives": []
    },
    {
      "id": 2511,
      "character": "蹟",
      "pinyin": "jī",
      "tone": 1,
      "meaning": "remains",
      "story": "\"JEE!\" the wooden leg and responsibility sing cheerfully - the remains, traces and miracle!",
      "primitives": []
    },
    {
      "id": 2512,
      "character": "牲",
      "pinyin": "shēng",
      "tone": 1,
      "meaning": "domestic animal",
      "story": "\"SHUNG!\" the cattle sing cheerfully - domestic animals, livestock and sacrifice!",
      "primitives": []
    },
    {
      "id": 2513,
      "character": "隆",
      "pinyin": "lóng",
      "tone": 2,
      "meaning": "impressive",
      "story": "\"Lung?\" the pinnacle and walking legs question curiously in the ceiling cell - impressive, prosperous and thriving!",
      "primitives": []
    },
    {
      "id": 2514,
      "character": "腥",
      "pinyin": "xīng",
      "tone": 1,
      "meaning": "fishy smell",
      "story": "\"SHING!\" the flesh and star sing cheerfully - but there's a fishy smell, bloody disaster!",
      "primitives": []
    },
    {
      "id": 2515,
      "character": "猩",
      "pinyin": "xīng",
      "tone": 1,
      "meaning": "orangutan",
      "story": "\"SHING!\" the pack of wild dogs and star sing cheerfully - the orangutan, ape and primate!",
      "primitives": []
    },
    {
      "id": 2516,
      "character": "醒",
      "pinyin": "xǐng",
      "tone": 3,
      "meaning": "awaken",
      "story": "An striking symbol for awaken that whispers \"Xǐng!\" softly - a vivid image to remember!",
      "primitives": []
    },
    {
      "id": 2517,
      "character": "瞎",
      "pinyin": "xiā",
      "tone": 1,
      "meaning": "visionless",
      "story": "\"SHYAH!\" the eyes sing cheerfully - but they're visionless, blind - just wasting time!",
      "primitives": []
    },
    {
      "id": 2518,
      "character": "轄",
      "pinyin": "xiá",
      "tone": 2,
      "meaning": "administer",
      "story": "\"SHYAH?\" the car questions curiously about harm - will they administer jurisdiction over the church?",
      "primitives": []
    },
    {
      "id": 2519,
      "character": "契",
      "pinyin": "qì",
      "tone": 4,
      "meaning": "contract",
      "story": "\"CHEE!\" he commands sharply - sign the contract, the agreement and deed!",
      "primitives": []
    },
    {
      "id": 2520,
      "character": "拜",
      "pinyin": "bài",
      "tone": 4,
      "meaning": "adore",
      "story": "\"BAI!\" the hand, ceiling and bushes command sharply - to adore, worship and bow!",
      "primitives": []
    },
    {
      "id": 2521,
      "character": "潔",
      "pinyin": "jié",
      "tone": 2,
      "meaning": "spotless",
      "story": "\"JYEH?\" the water questions curiously - is it spotless, clean and pure of heart?",
      "primitives": []
    },
    {
      "id": 2522,
      "character": "蜂",
      "pinyin": "fēng",
      "tone": 1,
      "meaning": "bee",
      "story": "\"FUNG!\" the insect sings cheerfully - the bee with honey in a swarm!",
      "primitives": []
    },
    {
      "id": 2523,
      "character": "峰",
      "pinyin": "fēng",
      "tone": 1,
      "meaning": "peak",
      "story": "\"FUNG!\" the mountain sings cheerfully - the peak, the summit and crest!",
      "primitives": []
    },
    {
      "id": 2524,
      "character": "鋒",
      "pinyin": "fēng",
      "tone": 1,
      "meaning": "cutting edge",
      "story": "\"FUNG!\" the metal sings cheerfully - the cutting edge, the blade so sharp!",
      "primitives": []
    },
    {
      "id": 2525,
      "character": "逢",
      "pinyin": "féng",
      "tone": 2,
      "meaning": "chance upon",
      "story": "\"Fung?\" the road questions curiously - did we chance upon this encounter and meet?",
      "primitives": []
    },
    {
      "id": 2526,
      "character": "蓬",
      "pinyin": "péng",
      "tone": 2,
      "meaning": "disheveled",
      "story": "\"Pung?\" the flowers question curiously after chancing upon this disheveled, messy lotus capsule!",
      "primitives": []
    },
    {
      "id": 2527,
      "character": "縫",
      "pinyin": "féng",
      "tone": 2,
      "meaning": "sew",
      "story": "\"Fung?\" the thread questions curiously after chancing upon the chance to sew, stitch seamlessly!",
      "primitives": []
    },
    {
      "id": 2528,
      "character": "奏",
      "pinyin": "zòu",
      "tone": 4,
      "meaning": "play an instrument",
      "story": "\"DZOH!\" he commands sharply - play an instrument, perform the music!",
      "primitives": []
    },
    {
      "id": 2529,
      "character": "湊",
      "pinyin": "còu",
      "tone": 4,
      "meaning": "gather together",
      "story": "\"TSOH!\" the water commands sharply - gather together, assemble and join the excitement!",
      "primitives": []
    },
    {
      "id": 2530,
      "character": "秦",
      "pinyin": "qín",
      "tone": 2,
      "meaning": "Qin",
      "story": "\"Chin?\" the bonzai and wild rice question curiously - from the Qin dynasty?",
      "primitives": []
    },
    {
      "id": 2531,
      "character": "蠢",
      "pinyin": "chǔn",
      "tone": 3,
      "meaning": "foolish",
      "story": "The springtime insects bend down drooping - foolish, stupid idiots!",
      "primitives": []
    },
    {
      "id": 2532,
      "character": "捧",
      "pinyin": "pěng",
      "tone": 3,
      "meaning": "carry in both hands",
      "story": "The fingers and proffer bend down drooping - to carry in both hands, to hold the plate!",
      "primitives": []
    },
    {
      "id": 2533,
      "character": "嘆",
      "pinyin": "tàn",
      "tone": 4,
      "meaning": "sigh",
      "story": "\"TAN!\" the mouth commands sharply - to sigh, lament with a breath!",
      "primitives": []
    },
    {
      "id": 2534,
      "character": "艱",
      "pinyin": "jiān",
      "tone": 1,
      "meaning": "arduous",
      "story": "\"JYEN!\" the task sings cheerfully - though it's arduous, difficult and hard!",
      "primitives": []
    },
    {
      "id": 2535,
      "character": "灘",
      "pinyin": "tān",
      "tone": 1,
      "meaning": "beach",
      "story": "\"TAN!\" the water sings cheerfully - at the beach, the shore with sand!",
      "primitives": []
    },
    {
      "id": 2536,
      "character": "畢",
      "pinyin": "bì",
      "tone": 4,
      "meaning": "complete",
      "story": "\"BEE!\" he commands sharply - to complete, finish and graduate!",
      "primitives": []
    }
  ]
}
