{
  "lesson": 110,
  "characterCount": 67,
  "characterList": "舅樁鑿鼠竄臘蠟獵艘嫂瘦搜稻蹈滔陷焰餡輛瞞爽綴碰挪誣譽嶼傻磚惠穗曠礦擴聰蔥膽瞻摟屢濁燭觸囑欄攔蹤聳劑齋擠鈕羞紐脾啤碑赫嚇奕跡辭龜繩蠅蝴蝶",
  "themes": ["family", "fire", "time"],
  "characters": [
    {
      "id": 2912,
      "character": "舅",
      "pinyin": "jiù",
      "tone": 4,
      "meaning": "mother's brother",
      "story": "\"JYOH!\" he commands sharply - mother's brother, maternal uncle!",
      "primitives": []
    },
    {
      "id": 2913,
      "character": "樁",
      "pinyin": "zhuāng",
      "tone": 1,
      "meaning": "stake",
      "story": "\"JWAHNG!\" the tree sings cheerfully - a stake, post, and pile!",
      "primitives": []
    },
    {
      "id": 2914,
      "character": "鑿",
      "pinyin": "záo",
      "tone": 2,
      "meaning": "bore a hole",
      "story": "\"DZAO?\" the side by side, needle, mortar, missile, and metal question curiously - to bore a hole, drill, and chisel?",
      "primitives": []
    },
    {
      "id": 2915,
      "character": "鼠",
      "pinyin": "shǔ",
      "tone": 3,
      "meaning": "mouse",
      "story": "Picture mouse taking form - it whispers \"Shǔ!\" with vivid energy!",
      "primitives": []
    },
    {
      "id": 2916,
      "character": "竄",
      "pinyin": "cuàn",
      "tone": 4,
      "meaning": "scurry",
      "story": "\"TSWAN!\" the hole commands sharply - to scurry, flee, and push the chest!",
      "primitives": []
    },
    {
      "id": 2917,
      "character": "臘",
      "pinyin": "là",
      "tone": 4,
      "meaning": "dried meat",
      "story": "\"LAH!\" the flesh, mouse, and hairs command sharply - dried meat, cured and preserved!",
      "primitives": []
    },
    {
      "id": 2918,
      "character": "蠟",
      "pinyin": "là",
      "tone": 4,
      "meaning": "wax",
      "story": "\"LAH!\" the insect commands sharply - wax, beeswax, and candle!",
      "primitives": []
    },
    {
      "id": 2919,
      "character": "獵",
      "pinyin": "liè",
      "tone": 4,
      "meaning": "hunt",
      "story": "The strokes unite to show hunt, shouting \"LYEH!\" sharply - a vivid image to remember!",
      "primitives": []
    },
    {
      "id": 2920,
      "character": "艘",
      "pinyin": "sōu",
      "tone": 1,
      "meaning": "vessels",
      "story": "\"SOH!\" the boat sings cheerfully - vessels, ships to measure!",
      "primitives": []
    },
    {
      "id": 2921,
      "character": "嫂",
      "pinyin": "sǎo",
      "tone": 3,
      "meaning": "elder brother's wife",
      "story": "This character represents elder brother's wife, whispering \"Sǎo!\" softly!",
      "primitives": []
    },
    {
      "id": 2922,
      "character": "瘦",
      "pinyin": "shòu",
      "tone": 4,
      "meaning": "emaciated",
      "story": "The strokes unite to show emaciated, shouting \"SHOH!\" sharply!",
      "primitives": []
    },
    {
      "id": 2923,
      "character": "搜",
      "pinyin": "sōu",
      "tone": 1,
      "meaning": "search",
      "story": "\"SOH!\" the detective's fingers sing cheerfully while searching through the drawers for clues!",
      "primitives": []
    },
    {
      "id": 2924,
      "character": "稻",
      "pinyin": "dào",
      "tone": 4,
      "meaning": "unhulled rice",
      "story": "\"DAO!\" the farmer commands sharply, scooping up wild unhulled rice from the paddy!",
      "primitives": []
    },
    {
      "id": 2925,
      "character": "蹈",
      "pinyin": "dǎo",
      "tone": 3,
      "meaning": "tread",
      "story": "When the leg meets the path, they form tread, whispering \"Dǎo!\" softly!",
      "primitives": []
    },
    {
      "id": 2926,
      "character": "滔",
      "pinyin": "tāo",
      "tone": 1,
      "meaning": "surging",
      "story": "\"TAO!\" the surging water sings cheerfully, rushing like a scoop pouring endlessly!",
      "primitives": []
    },
    {
      "id": 2927,
      "character": "陷",
      "pinyin": "xiàn",
      "tone": 4,
      "meaning": "get stuck",
      "story": "\"SHYEN!\" she commands sharply when her car got stuck in the pinnacle's mud trap!",
      "primitives": []
    },
    {
      "id": 2928,
      "character": "焰",
      "pinyin": "yàn",
      "tone": 4,
      "meaning": "flame",
      "story": "\"YEN!\" the flame commands sharply, leaping high from the campfire!",
      "primitives": []
    },
    {
      "id": 2929,
      "character": "餡",
      "pinyin": "xiàn",
      "tone": 4,
      "meaning": "filling",
      "story": "\"SHYEN!\" the chef commands sharply, spooning dumpling filling into the pothole-shaped dough!",
      "primitives": []
    },
    {
      "id": 2930,
      "character": "輛",
      "pinyin": "liàng",
      "tone": 4,
      "meaning": "vehicles",
      "story": "\"LYAHNG!\" he commands sharply, counting the vehicles lined up on the road!",
      "primitives": []
    },
    {
      "id": 2931,
      "character": "瞞",
      "pinyin": "mán",
      "tone": 2,
      "meaning": "dissemble",
      "story": "\"MAN?\" her twenty eyeballs question curiously - is she trying to dissemble and hide the truth from the yoke?",
      "primitives": []
    },
    {
      "id": 2932,
      "character": "爽",
      "pinyin": "shuǎng",
      "tone": 3,
      "meaning": "frank",
      "story": "Picture frank taking form - it whispers \"Shuǎng!\" with vivid energy!",
      "primitives": []
    },
    {
      "id": 2933,
      "character": "綴",
      "pinyin": "zhuì",
      "tone": 4,
      "meaning": "embellish",
      "story": "\"JWAY!\" the seamstress commands sharply, using threads to embellish the stitching on the dress!",
      "primitives": []
    },
    {
      "id": 2934,
      "character": "碰",
      "pinyin": "pèng",
      "tone": 4,
      "meaning": "bump",
      "story": "\"PUNG!\" the stone commands sharply when they bump into the wall!",
      "primitives": []
    },
    {
      "id": 2935,
      "character": "挪",
      "pinyin": "nuó",
      "tone": 2,
      "meaning": "transfer",
      "story": "\"NWOH?\" the fingers question curiously - should we transfer the prisoner from Alcatraz?",
      "primitives": []
    },
    {
      "id": 2936,
      "character": "誣",
      "pinyin": "wū",
      "tone": 1,
      "meaning": "charge falsely",
      "story": "\"WOO!\" the lawyer's words sing cheerfully though he'd charge falsely to win the case!",
      "primitives": []
    },
    {
      "id": 2937,
      "character": "譽",
      "pinyin": "yù",
      "tone": 4,
      "meaning": "reputation",
      "story": "\"YOO!\" they command sharply when offering words of praise for his reputation!",
      "primitives": []
    },
    {
      "id": 2938,
      "character": "嶼",
      "pinyin": "yǔ",
      "tone": 3,
      "meaning": "islet",
      "story": "Like a mountain, this character means islet and whispers \"Yǔ!\"!",
      "primitives": []
    },
    {
      "id": 2939,
      "character": "傻",
      "pinyin": "shǎ",
      "tone": 3,
      "meaning": "thick-headed",
      "story": "The person stands for thick-headed, whispering \"Shǎ!\" softly!",
      "primitives": []
    },
    {
      "id": 2940,
      "character": "磚",
      "pinyin": "zhuān",
      "tone": 1,
      "meaning": "brick",
      "story": "\"JWAN!\" the mason sings cheerfully, laying each brick in the stone wall!",
      "primitives": []
    },
    {
      "id": 2941,
      "character": "惠",
      "pinyin": "huì",
      "tone": 4,
      "meaning": "favor",
      "story": "See how the heart forms favor? It shouts \"HWAY!\" sharply - a vivid image to remember!",
      "primitives": []
    },
    {
      "id": 2942,
      "character": "穗",
      "pinyin": "suì",
      "tone": 4,
      "meaning": "ear of grain",
      "story": "\"SWAY!\" the wild rice commands sharply, each ear of grain swaying in the favor of wind!",
      "primitives": []
    },
    {
      "id": 2943,
      "character": "曠",
      "pinyin": "kuàng",
      "tone": 4,
      "meaning": "expansive",
      "story": "\"KWAHNG!\" the sun commands sharply over the expansive internet of wilderness!",
      "primitives": []
    },
    {
      "id": 2944,
      "character": "礦",
      "pinyin": "kuàng",
      "tone": 4,
      "meaning": "mine",
      "story": "\"KWAHNG!\" the stone commands sharply when they discover the mine shaft!",
      "primitives": []
    },
    {
      "id": 2945,
      "character": "擴",
      "pinyin": "kuò",
      "tone": 4,
      "meaning": "enlarge",
      "story": "\"KWOH!\" the fingers command sharply on the screen to enlarge the photo!",
      "primitives": []
    },
    {
      "id": 2946,
      "character": "聰",
      "pinyin": "cōng",
      "tone": 1,
      "meaning": "smart",
      "story": "\"TSUNG!\" the ear sings cheerfully - listen and you'll be smart!",
      "primitives": []
    },
    {
      "id": 2947,
      "character": "蔥",
      "pinyin": "cōng",
      "tone": 1,
      "meaning": "onion",
      "story": "\"TSUNG!\" the flower sings cheerfully, following the GPS in my heart to find onions!",
      "primitives": []
    },
    {
      "id": 2948,
      "character": "膽",
      "pinyin": "dǎn",
      "tone": 3,
      "meaning": "gall bladder",
      "story": "Picture gall bladder taking form - it whispers \"Dǎn!\" with vivid energy!",
      "primitives": []
    },
    {
      "id": 2949,
      "character": "瞻",
      "pinyin": "zhān",
      "tone": 1,
      "meaning": "look upward",
      "story": "\"JAN!\" the eyeballs sing cheerfully to the snitch - look upward at the stars!",
      "primitives": []
    },
    {
      "id": 2950,
      "character": "摟",
      "pinyin": "lǒu",
      "tone": 3,
      "meaning": "cuddle",
      "story": "The fingers bend down drooping like the flying Dutchman to cuddle the baby.",
      "primitives": []
    },
    {
      "id": 2951,
      "character": "屢",
      "pinyin": "lǚ",
      "tone": 3,
      "meaning": "time and again",
      "story": "This character represents time and again, whispering \"Lǚ!\" softly!",
      "primitives": []
    },
    {
      "id": 2952,
      "character": "濁",
      "pinyin": "zhuó",
      "tone": 2,
      "meaning": "turbid",
      "story": "\"JWOH?\" the water questions curiously through the butterfly net - is it turbid or clear?",
      "primitives": []
    },
    {
      "id": 2953,
      "character": "燭",
      "pinyin": "zhú",
      "tone": 2,
      "meaning": "candle",
      "story": "\"JOO?\" the fire questions curiously - is this a candle or a torch?",
      "primitives": []
    },
    {
      "id": 2954,
      "character": "觸",
      "pinyin": "chù",
      "tone": 4,
      "meaning": "touch",
      "story": "This character represents touch, shouting \"CHOO!\" sharply - a vivid image to remember!",
      "primitives": []
    },
    {
      "id": 2955,
      "character": "囑",
      "pinyin": "zhǔ",
      "tone": 3,
      "meaning": "admonish",
      "story": "See how the mouth forms admonish? It whispers \"Zhǔ!\" softly!",
      "primitives": []
    },
    {
      "id": 2956,
      "character": "欄",
      "pinyin": "lán",
      "tone": 2,
      "meaning": "railing",
      "story": "\"LAN?\" the tree questions curiously - will it become a railing for the deck?",
      "primitives": []
    },
    {
      "id": 2957,
      "character": "攔",
      "pinyin": "lán",
      "tone": 2,
      "meaning": "impede",
      "story": "\"LAN?\" the fingers question curiously like a gargoyle - why do you impede my path?",
      "primitives": []
    },
    {
      "id": 2958,
      "character": "蹤",
      "pinyin": "zōng",
      "tone": 1,
      "meaning": "tracks",
      "story": "\"DZUNG!\" the lower leg sings cheerfully, following the tracks through the woods!",
      "primitives": []
    },
    {
      "id": 2959,
      "character": "聳",
      "pinyin": "sǒng",
      "tone": 3,
      "meaning": "shrug",
      "story": "Like an ear, this character means shrug and whispers \"Sǒng!\"!",
      "primitives": []
    },
    {
      "id": 2960,
      "character": "劑",
      "pinyin": "jì",
      "tone": 4,
      "meaning": "pharmaceutical",
      "story": "\"JEE!\" the doctor commands sharply, prescribing a pharmaceutical remedy!",
      "primitives": []
    },
    {
      "id": 2961,
      "character": "齋",
      "pinyin": "zhāi",
      "tone": 1,
      "meaning": "abstain from food",
      "story": "\"JAI!\" the mirror image sings cheerfully though small - we abstain from food during the fast!",
      "primitives": []
    },
    {
      "id": 2962,
      "character": "擠",
      "pinyin": "jǐ",
      "tone": 3,
      "meaning": "squeeze",
      "story": "The fingers bend down drooping in the mirror image trying to squeeze into the crowded subway.",
      "primitives": []
    },
    {
      "id": 2963,
      "character": "鈕",
      "pinyin": "niǔ",
      "tone": 3,
      "meaning": "push button",
      "story": "See how the metal forms push button? It whispers \"Niǔ!\" softly!",
      "primitives": []
    },
    {
      "id": 2964,
      "character": "羞",
      "pinyin": "xiū",
      "tone": 1,
      "meaning": "shy",
      "story": "\"SHYOH!\" the sheep sings cheerfully despite being shy at the petting zoo!",
      "primitives": []
    },
    {
      "id": 2965,
      "character": "紐",
      "pinyin": "niǔ",
      "tone": 3,
      "meaning": "New York",
      "story": "Like a thread, this character means new york and whispers \"Niǔ!\"!",
      "primitives": []
    },
    {
      "id": 2966,
      "character": "脾",
      "pinyin": "pí",
      "tone": 2,
      "meaning": "spleen",
      "story": "\"PEE?\" the lowly flesh questions curiously - is that the spleen or another organ?",
      "primitives": []
    },
    {
      "id": 2967,
      "character": "啤",
      "pinyin": "pí",
      "tone": 2,
      "meaning": "beer",
      "story": "\"PEE?\" the mouth questions curiously - is there beer at the party?",
      "primitives": []
    },
    {
      "id": 2968,
      "character": "碑",
      "pinyin": "bēi",
      "tone": 1,
      "meaning": "stele",
      "story": "\"BAY!\" the lowly stone sings cheerfully - an ancient stele monument!",
      "primitives": []
    },
    {
      "id": 2969,
      "character": "赫",
      "pinyin": "hè",
      "tone": 4,
      "meaning": "illustrious",
      "story": "The strokes unite to show illustrious, shouting \"HUH!\" sharply!",
      "primitives": []
    },
    {
      "id": 2970,
      "character": "嚇",
      "pinyin": "xià",
      "tone": 4,
      "meaning": "terrify",
      "story": "\"SHYAH!\" the mouth commands sharply with illustrious words to terrify the children!",
      "primitives": []
    },
    {
      "id": 2971,
      "character": "奕",
      "pinyin": "yì",
      "tone": 4,
      "meaning": "radiating vitality",
      "story": "\"YEE!\" the apple and St. Bernard command sharply, radiating vitality and energy!",
      "primitives": []
    },
    {
      "id": 2972,
      "character": "跡",
      "pinyin": "jì",
      "tone": 4,
      "meaning": "indication",
      "story": "\"JEE!\" the wooden leg commands sharply - an indication of where he walked!",
      "primitives": []
    },
    {
      "id": 2973,
      "character": "辭",
      "pinyin": "cí",
      "tone": 2,
      "meaning": "phraseology",
      "story": "\"TSIH?\" he questions curiously about the phraseology in the contract.",
      "primitives": []
    },
    {
      "id": 2974,
      "character": "龜",
      "pinyin": "guī",
      "tone": 1,
      "meaning": "tortoise",
      "story": "\"GWAY!\" the tortoise sings cheerfully, slowly crossing the road!",
      "primitives": []
    },
    {
      "id": 2975,
      "character": "繩",
      "pinyin": "shéng",
      "tone": 2,
      "meaning": "rope",
      "story": "\"SHUNG?\" the thread questions curiously - is this rope strong enough to climb?",
      "primitives": []
    },
    {
      "id": 2976,
      "character": "蠅",
      "pinyin": "yíng",
      "tone": 2,
      "meaning": "flies",
      "story": "\"YING?\" the insect questions curiously like a tortoise - are those flies buzzing around?",
      "primitives": []
    },
    {
      "id": 2977,
      "character": "蝴",
      "pinyin": "hú",
      "tone": 2,
      "meaning": "butterfly (front)",
      "story": "\"HOO?\" the insect questions curiously - the front part of the butterfly character.",
      "primitives": []
    },
    {
      "id": 2978,
      "character": "蝶",
      "pinyin": "dié",
      "tone": 2,
      "meaning": "butterfly (back)",
      "story": "\"DYEH?\" the insect questions curiously - the back part of the butterfly character.",
      "primitives": []
    }
  ]
}
