{
  "lesson": 9,
  "characterCount": 22,
  "characterList": "里量埋黑點墨冒同洞向尚字守完實宣宵安宴寄富貯",
  "themes": ["time"],
  "characters": [
    {
      "id": 169,
      "character": "里",
      "pinyin": "lǐ",
      "tone": 3,
      "meaning": "a Li",
      "story": "Picture a field beside soil: that's a li, whispering \"Lee\" softly!",
      "primitives": []
    },
    {
      "id": 170,
      "character": "量",
      "pinyin": "liàng",
      "tone": 4,
      "meaning": "quantity",
      "story": "Quantity of sun under li yells \"Lyang!\" sharply measuring!",
      "primitives": []
    },
    {
      "id": 171,
      "character": "埋",
      "pinyin": "mái",
      "tone": 2,
      "meaning": "to bury",
      "story": "The soil stands for to bury, asking \"Mai? Why underground?\" curiously!",
      "primitives": []
    },
    {
      "id": 172,
      "character": "黑",
      "pinyin": "hēi",
      "tone": 1,
      "meaning": "black",
      "story": "When the fire meets the soil, they form black, calling out \"Hēi!\"!",
      "primitives": []
    },
    {
      "id": 173,
      "character": "點",
      "pinyin": "diǎn",
      "tone": 3,
      "meaning": "Spot",
      "story": "The strokes unite to show spot, whispering \"Dian\" softly - a vivid image to remember!",
      "primitives": []
    },
    {
      "id": 174,
      "character": "墨",
      "pinyin": "mò",
      "tone": 4,
      "meaning": "Black Ink",
      "story": "The soil stands for black ink, shouting \"Mwoh!\" sharply - a vivid image to remember!",
      "primitives": []
    },
    {
      "id": 175,
      "character": "冒",
      "pinyin": "mào",
      "tone": 4,
      "meaning": "to risk",
      "story": "With an eye combined with a sun, you get to risk - \"Mao!\" rings out sharply!",
      "primitives": []
    },
    {
      "id": 176,
      "character": "同",
      "pinyin": "tóng",
      "tone": 2,
      "meaning": "same",
      "story": "\"Are we the same?\" they questioned, standing together inside.",
      "primitives": []
    },
    {
      "id": 177,
      "character": "洞",
      "pinyin": "dòng",
      "tone": 4,
      "meaning": "cave",
      "story": "The water stands for cave, shouting \"Dong!\" sharply like ripples spreading across a pond!",
      "primitives": []
    },
    {
      "id": 178,
      "character": "向",
      "pinyin": "xiàng",
      "tone": 4,
      "meaning": "orientation",
      "story": "Orientation of mouth in house yells \"Shyang!\" sharply pointing!",
      "primitives": []
    },
    {
      "id": 179,
      "character": "尚",
      "pinyin": "shàng",
      "tone": 4,
      "meaning": "to esteem",
      "story": "See how the mouth forms to esteem? It shouts \"Shang!\" sharply!",
      "primitives": []
    },
    {
      "id": 180,
      "character": "字",
      "pinyin": "zì",
      "tone": 4,
      "meaning": "character",
      "story": "A character child in house yells \"Zi!\" sharply written!",
      "primitives": []
    },
    {
      "id": 181,
      "character": "守",
      "pinyin": "shǒu",
      "tone": 3,
      "meaning": "to guard",
      "story": "Picture to guard taking form - it whispers \"Sho\" with vivid energy!",
      "primitives": []
    },
    {
      "id": 182,
      "character": "完",
      "pinyin": "wán",
      "tone": 2,
      "meaning": "to finish",
      "story": "The strokes unite to show to finish, asking \"Wan? Is it done?\" curiously!",
      "primitives": []
    },
    {
      "id": 183,
      "character": "實",
      "pinyin": "shí",
      "tone": 2,
      "meaning": "reality",
      "story": "See how the roof forms reality? It asks \"Shi? Is it real?\" curiously!",
      "primitives": []
    },
    {
      "id": 184,
      "character": "宣",
      "pinyin": "xuān",
      "tone": 1,
      "meaning": "to proclaim",
      "story": "The herald proclaimed the announcement from inside the house.",
      "primitives": []
    },
    {
      "id": 185,
      "character": "宵",
      "pinyin": "xiāo",
      "tone": 1,
      "meaning": "Nighttime",
      "story": "At nighttime in the evening, the house was dark and quiet.",
      "primitives": []
    },
    {
      "id": 186,
      "character": "安",
      "pinyin": "ān",
      "tone": 1,
      "meaning": "peaceful",
      "story": "The strokes unite to show peaceful, singing \"An!\" cheerfully!",
      "primitives": []
    },
    {
      "id": 187,
      "character": "宴",
      "pinyin": "yàn",
      "tone": 4,
      "meaning": "Banquet",
      "story": "A banquet house with sun women yells \"Yan!\" sharply feasting!",
      "primitives": []
    },
    {
      "id": 188,
      "character": "寄",
      "pinyin": "jì",
      "tone": 4,
      "meaning": "to mail",
      "story": "Picture to mail taking form - it shouts \"Ji!\" with vivid energy!",
      "primitives": []
    },
    {
      "id": 189,
      "character": "富",
      "pinyin": "fù",
      "tone": 4,
      "meaning": "wealthy",
      "story": "See how the field forms wealthy? It shouts \"Fu!\" sharply - a vivid image to remember!",
      "primitives": []
    },
    {
      "id": 190,
      "character": "貯",
      "pinyin": "zhù",
      "tone": 4,
      "meaning": "to store up",
      "story": "The shellfish stands for to store up, shouting \"Zhu!\" sharply!",
      "primitives": []
    }
  ]
}
